,nom,vendeur,prix,nombre_de_pieces_vendus,ram,couleur,taille_ecran,rom,cam_arriere,cam_avant
0,Spark Dual SIM - 8Go HDD - 1Go RAM - Noir - 12 Mois De Garantie,Xtouch,35000.0,99.0,1.0,noir,5.0,8.0,5.0,2.0
1,A5 Dual SIM - 1Go RAM - 16Go HDD - Noir - 12 Mois,Xtouch,55000.0,99.0,1.0,noir,5.5,16.0,5.0,5.0
2,"Hot 7 Dual SIM - 6,2"" - 16 Go HDD - 1 Go RAM - Noir",Infinix,61500.0,1001.0,1.0,noir,6.2,16.0,13.0,8.0
3,iPhone 5S 32Go HDD - Gris - 12 Mois + Pochette + Protège Ecran Offerts,Apple,89900.0,10001.0,1.0,gris,4.0,32.0,8.0,1.2
4,"Hot 7 Dual Sim - 6,2"" - 16 Go HDD - 1 Go RAM - Or",Infinix,61500.0,1001.0,1.0,or,6.2,16.0,13.0,8.0
5,Rise 31 Dual SIM 8Go HDD - Bleu + 1 Carte SIM et 1 Forfait Internet Offerts,Orange,24900.0,1001.0,1.0,bleu,4.0,8.0,13.0,8.0
6,Spark 2 Dual SIM  16 Go HDD - Noir - 12 Mois,Tecno,63600.0,1001.0,1.0,noir,6.0,16.0,13.0,8.0
7,"S503 Dual SIM - 16Go HDD - 2Go RAM - 5,5"" - Noir - 12 Mois",SIMI,45000.0,1001.0,2.0,noir,5.0,16.0,8.0,13.0
8,Smart 2 Dual SIM 16 Go HDD - Or - 12 Mois,Infinix,58700.0,1001.0,1.0,or,5.5,16.0,13.0,8.0
9,"Redmi Go - Dual SIM - 8Go HDD - 1Go RAM - 5"" - Noir",Xiaomi,42000.0,1001.0,1.0,noir,5.0,8.0,13.0,5.0
10,Spark 2 Dual SIM 16 Go HDD + 2 Go RAM - Noir - 12 Mois,Tecno,70600.0,1001.0,2.0,noir,6.0,16.0,8.0,0.0
11,Camon 11 Dual SIM - 32 Go HDD - Noir - 12 Mois,Tecno,109000.0,1001.0,3.0,noir,6.2,32.0,2.0,0.3
12,"Redmi 6A Dual SIM - 16 Go HDD - 2Go RAM - 5,45"" - Or",Xiaomi,56800.0,1001.0,2.0,or,5.4,16.0,5.0,2.0
13,Rise 53 Dual SIM 8Go HDD - Noir - 12 Mois + Forfait Internet Offert,Orange,34900.0,1001.0,1.0,noir,5.0,8.0,5.0,5.0
14,Rise 31 Dual SIM 8Go HDD - Noir + 1 Carte SIM et 1 Forfait Internet Offerts,Orange,24900.0,1001.0,1.0,noir,4.0,8.0,12.0,7.0
15,Desire 610 - 8Go HDD - 1Go RAM - Noir,HTC,33500.0,101.0,1.0,noir,4.7,8.0,13.0,5.0
16,iPhone 4S - 16Go HDD - Noir - 12 Mois,Apple,47900.0,10001.0,1.0,noir,3.5,16.0,0.3,0.3
17,"V5 Dual SIM - 8 Go HDD - 1 Go RAM - 5"" - Noir",X-tigi,23800.0,1001.0,1.0,noir,4.0,8.0,8.0,5.0
18,"Flash Live Dual SIM - 8Go HDD - 1Go RAM - 4"" - Noir - 12 Mois",Flash,26900.0,1001.0,1.0,noir,4.0,8.0,13.0,2.0
19,OK-LX6 Dual SIM 4Go HDD - 1Go RAM - 12 Mois - Blanc Et Or,Oking,28900.0,101.0,4.0,blanc et or,5.7,4.0,16.0,5.0
20,K5 Note Dual SIM 64Go HDD - 4Go RAM - 16+2MP - Noir - 12 Mois de Garantie,Lenovo,99900.0,10001.0,4.0,noir,6.0,64.0,12.0,7.0
21,"iPhone XS - 256 Go HDD - 4 Go RAM - 5,8'' - Or",Apple,1800000.0,101.0,3.0,or,5.8,256.0,2.0,0.3
22,562 Dual SIM 32Go HDD - 3 Go RAM - Gris - 12 Mois,TCL,53900.0,1001.0,3.0,gris,5.5,32.0,12.0,7.0
23,Lenovo K5 Play Dual SIM 32Go HDD 3Go RAM - 13+2MP - Noir + Pochette Offert - 12 Mois de Garantie,Lenovo,74900.0,10001.0,3.0,noir,3.0,32.0,12.0,7.0
24,Lenovo A5 Dual SIM 16Go HDD - 3Go RAM - 13MP - Noir  - 12 Mois,Lenovo,59900.0,10001.0,4.0,noir,5.5,16.0,12.0,7.0
25,Lenovo S5 Dual Sim - 64Go HDD - 4Go RAM - 13+13MP - Noir + Pochette Offert - 12 Mois de Garantie,Lenovo,94900.0,10001.0,1.0,noir,6.0,64.0,12.0,7.0
26,"S301 Dual SIM 3.5"" - 4Go HDD - 512Mo RAM - Noir  - 12 Mois",SIMI,17500.0,49.0,3.0,noir,5.0,4.0,13.0,5.0
27,"OK-Smart18 - Dual SIM - 16Go HDD - 1 Go RAM - 5,5"" - Rouge - 12 Mois",Oking,36500.0,101.0,2.0,rouge,5.7,16.0,12.0,5.0
28,Galaxy J6 Plus  2018 - 32 Go HDD - 3 Go RAM - 6'' - Gris,Samsung,106200.0,101.0,3.0,gris,5.8,32.0,12.0,7.0
29,Galaxy S4 16Go HDD - Noir,Samsung,52000.0,101.0,4.0,noir,4.0,16.0,12.0,7.0
30,"Galaxy S6 Edge - 32Go HDD - RAM 3Go - 5,7"" - Or - 12 Mois + Pochette + Protège Ecran Offerts",Samsung,117000.0,101.0,4.0,or,5.8,32.0,13.0,5.0
31,iPhone XS Max 256Go HDD - Blanc,Apple,850000.0,101.0,3.0,blanc,5.8,256.0,2.0,0.3
32,Y2 Dual SIM 8Go HDD - Noir - 12 Mois,Tecno,35000.0,1001.0,4.0,noir,5.8,8.0,16.0,5.0
33,iPhone XS Max 256Go HDD - Or,Apple,869600.0,101.0,4.0,or,5.5,256.0,12.0,8.0
34,iPhone X 256Go HDD - 3Go RAM - 12MP - Argent - 12 Mois + Pochette + Protège Ecran Offerts,Apple,979900.0,10001.0,3.0,gris,5.5,256.0,13.0,8.0
35,"Redmi 6 Pro - Dual SIM - 64Go HDD - 4Go RAM - 5,84"" - Noir Et Or + Pochette + Protège Ecran Offerts - 12 Mois",Xiaomi,114900.0,10001.0,3.0,noir et or,6.2,64.0,8.0,5.0
36,iPhone XS 64Go HDD - Or,Apple,780000.0,101.0,6.0,or,5.5,64.0,12.0,12.0
37,iPhone 8 Plus 256Go HDD - Rouge,Apple,550000.0,101.0,4.0,rouge,6.0,256.0,12.0,7.0
38,C Note Dual SIM 32Go HDD - 3Go RAM - 13MP - Or - 12 Mois,UMIDIGI,59900.0,101.0,3.0,or,5.8,32.0,8.0,5.0
39,"Camon 11 Pro - Dual SIM - 64Go HDD - 6Go RAM - 6,2"" - Noir",Tecno,164000.0,49.0,4.0,noir,5.8,64.0,16.0,5.0
40,Galaxy S7 Edge - 32Go HDD - RAM 4Go - Noir - 12 Mois + Pochette + Protège Ecran Offerts,Samsung,154900.0,10001.0,3.0,noir,6.0,32.0,13.0,0.0
41,A4S Dual Sim - 32Go HDD - 3Go RAM - 13+2MP - Or  - 12 Mois de Garantie,AUTRE,54900.0,10001.0,4.0,or,4.0,32.0,12.0,16.0
42,Lenovo K5 Note Dual SIM 64Go HDD - 4Go RAM - Or  - 12 Mois,Lenovo,99900.0,10001.0,4.0,or,5.1,64.0,8.0,1.2
43,"iPhone X - 256Go HDD - 3Go RAM - 5,8"" - Noir - 12 Mois + Pochette + Protège Ecran Offerts",Apple,1350000.0,101.0,3.0,noir,6.0,256.0,12.0,8.0
44,Lenovo K5 Pro Dual SIM 64Go HDD - 4Go RAM - 16+5MP - Noir - 12 Mois,Lenovo,119900.0,10001.0,1.0,noir,6.0,64.0,12.0,12.0
45,Redmi Note 7 Dual SIM 64Go HDD - 4Go RAM - 48+5MP - Noir + Pochette et Protège Ecran Offerts,Xiaomi,184900.0,10001.0,4.0,noir,6.0,64.0,12.0,5.0
46,iPhone X 64Go HDD - 3Go RAM - 12MP - Argent - 12 Mois + Pochette + Protège Ecran Offerts,Apple,494900.0,10001.0,1.0,argent,5.5,64.0,12.0,8.0
47,Spark 3 Dual SIM - 16Go HDD - 1Go RAM - Noir - 12 Mois,Tecno,75900.0,49.0,3.0,noir,6.0,16.0,8.0,1.2
48,"C Note 2 - Double Puce - 64 Go HDD - 4 Go RAM - 5,5"" - Noir - 12 Mois",UMIDIGI,74900.0,101.0,6.0,noir,6.0,64.0,2.0,0.3
49,"V5 Dual SIM - 8Go HDD - 1 Go RAM - 5"" - Bleu",X-tigi,23800.0,1001.0,4.0,bleu,5.5,8.0,5.0,5.0
50,Galaxy S6 - 32Go HDD - RAM 3Go - Blanc - 12 Mois,Samsung,135000.0,49.0,3.0,blanc,5.7,32.0,12.0,8.0
51,"Galaxy S9 Plus - 64Go HDD - 6 Go RAM - 6,2'' - Gris",Samsung,469000.0,49.0,2.0,gris,5.1,64.0,12.0,7.0
52,"Redmi 5 Plus - Dual SIM - 64Go HDD - 4Go RAM - 6"" - Bleu + Pochette + Protège Ecran Offerts",Xiaomi,99900.0,10001.0,1.0,bleu,6.2,64.0,12.0,8.0
53,Galaxy J6 Plus Dual SIM 2018 - 32 Go HDD - 3 Go RAM - 6'' - Rouge,Samsung,106200.0,101.0,4.0,rouge,6.0,32.0,8.0,5.0
54,Simi S503 Dual SIM - 5.5 pouces - 3G - 13MP/8MP - 16Go/2Go - Android 6.0 - Noir  - 12 Mois,SIMI,43900.0,49.0,3.0,noir,6.3,16.0,16.0,10.0
55,Galaxy J4 Core Dual SIM 16Go HDD - 1Go RAM - Noir,Samsung,72500.0,101.0,6.0,noir,5.5,16.0,13.0,8.0
56,"Redmi Note 6 Pro - Dual SIM - 64Go HDD - 4Go RAM - 6,26"" - Noir + Pochette Et Protège Ecran Offerts",Xiaomi,144900.0,10001.0,3.0,noir,6.0,64.0,13.0,5.0
57,Galaxy M10 Dual SIM - 32Go HDD - 3Go RAM - 13+5MP - Bleu - 12 Mois  + Protège Ecran Offerts,Samsung,114000.0,10001.0,1.0,bleu,4.7,32.0,13.0,8.0
58,Galaxy Note 9 - 128Go HDD - 6Go RAM - Noir - 24 Mois,Samsung,599000.0,49.0,3.0,noir,5.5,128.0,13.0,8.0
59,iPhone 8 Plus 64Go HDD - Noir,Apple,650000.0,49.0,2.0,noir,6.2,64.0,5.0,5.0
60,OK-CX1 - Dual SIM - 16Go HDD - 1 Go RAM - Noir - 12 Mois,Oking,50000.0,101.0,3.0,noir,4.0,16.0,16.0,5.0
61,Galaxy S6 Edge - 32Go HDD - RAM 3Go - Or - 12 Mois + Pochette + Protège Ecran Offerts,Samsung,124900.0,10001.0,6.0,or,6.0,32.0,5.0,5.0
62,Galaxy A10 Dual Sim - 32Go HDD - 2Go RAM - 13MP - Noir - 24 Mois de Garantie,Samsung,99900.0,10001.0,1.0,noir,4.0,32.0,8.0,5.0
63,Note 5 Dual SIM 32 Go HDD - Bleu,Infinix,119000.0,1001.0,3.0,bleu,5.5,32.0,12.0,5.0
64,"Galaxy A9 2018 Dual SIM - 128Go HDD - 6Go RAM - 6.3"" - Bleu",Samsung,235000.0,101.0,6.0,bleu,4.0,128.0,20.0,4.0
65,iPhone 6 Plus - 64Go HDD - Or - 12 Mois + Pochette + Protège Ecran Offerts,Apple,174900.0,10001.0,6.0,or,6.0,64.0,12.0,5.0
66,Galaxy S8 Plus 64Go HDD - Or - 12 Mois,Samsung,249000.0,49.0,1.0,or,5.0,32.0,13.0,5.0
67,Redmi 6 Dual SIM - 32Go HDD - 3Go RAM - 12+5MP - Blanc Et Or,Xiaomi,77900.0,10001.0,4.0,blanc et or,6.2,128.0,13.0,5.0
68,Mi 8 Lite Dual SIM 128Go HDD - 6Go RAM - Noir + Pochette et Protège Ecran Offerts,Xiaomi,189900.0,10001.0,6.0,noir,5.5,128.0,12.0,8.0
69,Galaxy Note 9 - 128Go HDD - 6Go RAM - Noir - 24 Mois de Garantie,Samsung,699900.0,10001.0,1.0,noir,5.8,64.0,16.0,5.0
70,iPhone 6 64Go HDD - Or - 12 Mois,Apple,150000.0,101.0,2.0,or,6.0,32.0,16.0,20.0
71,Galaxy S7 Edge 32Go HDD - Or - 24 Mois,Samsung,163400.0,99.0,1.0,or,5.8,64.0,13.0,8.0
72,"Galaxy S9 Plus - 64Go HDD - 6Go RAM - 6,2"" - Noir - 12 Mois",Samsung,396000.0,49.0,4.0,noir,5.5,8.0,12.0,8.0
73,ZTE A110 - 8 Go - 1 Go RAM - 4'' - Noir,ZTE,25000.0,1001.0,3.0,noir,6.3,16.0,20.0,16.0
74,Hot 6X Dual SIM 16Go HDD - Noir,Infinix,83500.0,49.0,1.0,noir,6.1,32.0,12.0,8.0
75,iPhone 5 32Go HDD - Blanc - 12 Mois + Pochette + Protège Ecran  Offerts,Apple,79900.0,10001.0,6.0,blanc,6.2,64.0,12.0,8.0
76,Crystal Dual SIM 64Go HDD - 4Go RAM - 13+5MP - 12 Mois,UMIDIGI,74900.0,10001.0,3.0,noir,6.0,8.0,16.0,5.0
77,A11 Dual SIM 8Go HDD - 512 Mo - Or - 13 Mois,ITEL,24500.0,101.0,3.0,or,5.5,32.0,16.0,5.0
78,Galaxy J6 Plus Dual SIM - 32Go HDD - 3Go RAM - 13+5MP - Rouge - 12 Mois + Pochette Et Protège Ecran Offerts,Samsung,104900.0,10001.0,4.0,rouge,6.2,16.0,13.0,5.0
79,V18 Pro - Dual SIM 16Go HDD - Or - 12 Mois,X-tigi,50000.0,1001.0,4.0,or,5.6,64.0,13.0,5.0
80,"Galaxy S8 Plus - 64 Go HDD - 6 Go RAM - 6,2'' - Or",Samsung,270750.0,99.0,1.0,or,5.7,128.0,16.0,5.0
81,iPhone 7 Plus - 128Go - Noir - 12 Mois + Pochette + Protège Ecran Offerts,Apple,329900.0,10001.0,6.0,noir,5.6,256.0,8.0,0.0
82,iPhone X 256Go HDD - Noir,Apple,650000.0,101.0,8.0,noir,5.7,64.0,12.0,5.0
83,"Redmi 5 Plus - Dual SIM - 64Go HDD - 4Go RAM - 6"" - Noir + Pochette + Protège Ecran Offerts",Xiaomi,104900.0,10001.0,4.0,noir,5.0,64.0,16.0,16.0
84,Galaxy S8 64Go HDD - Noir - 12 Mois + Pochette + Protège Ecran Offert,Samsung,225000.0,9.0,2.0,noir,6.0,16.0,12.0,5.0
85,"OK-Smart18 - Dual SIM - 16Go HDD - 1 Go RAM - 5,5"" - Or - 12 Mois",Oking,36900.0,101.0,4.0,or,5.5,64.0,13.0,5.0
86,"Galaxy Note 8 - 64 Go HDD - 6 Go RAM - 6,3'' - Noir",Samsung,285000.0,99.0,4.0,noir,6.0,128.0,12.0,5.0
87,"Galaxy S10 - 128Go HDD - 8Go RAM - 6,1"" - Blanc",Samsung,560000.0,101.0,2.0,blanc,5.5,64.0,16.0,5.0
88,Redmi Note 7 Dual SIM 64Go HDD - 4Go RAM - 48+5MP - Bleu + Pochette et Protège Ecran Offerts - 12 Mois,Xiaomi,189900.0,10001.0,3.0,bleu,5.0,32.0,5.0,2.0
89,A32F 8Go HDD -Noir,ITEL,44700.0,101.0,1.0,noir,5.5,64.0,8.0,1.2
90,"Hot 7 Pro Dual Sim - 6,2"" - 32 Go HDD - 2 Go RAM - Voilet",Infinix,89000.0,49.0,4.0,voilet,6.0,32.0,12.0,5.0
91,"Redmi 5 Plus - Dual SIM - 64Go HDD - 4Go RAM - 6"" - Bleu + Pochette + Protège Ecran",Xiaomi,97900.0,101.0,4.0,bleu,6.2,32.0,12.0,7.0
92,Plus Dual SIM 32Go HDD - 4Go RAM - 13MP - Gris - 12 Mois,UMIDIGI,59900.0,10001.0,4.0,gris,6.0,32.0,16.0,5.0
93,"Hot 7 Pro Dual Sim - 6,2"" - 32 Go HDD - 2 Go RAM - Noir",Infinix,90500.0,49.0,1.0,noir,6.2,4.0,8.0,1.2
94,Galaxy J6 Dual SIM - 32Go HDD - 3Go RAM - 13MP - Or - 12 Mois + Pochette + Protège Ecran Offerts,Samsung,99900.0,10001.0,3.0,or,5.6,64.0,8.0,5.0
95,OK-LX6 Dual SIM - 4Go - 1Go RAM - Rose - 12 Mois,Oking,28900.0,101.0,1.0,rose,6.0,64.0,5.0,2.0
96,Mi A2 Dual SIM - 64Go HDD - 4Go RAM - 20+12MP - Noir + Pochette + Protège Ecran Offerts - 12 Mois,Xiaomi,139900.0,10001.0,4.0,noir,6.0,64.0,8.0,13.0
97,Galaxy A6 Dual SIM 64Go HDD - Or,Samsung,217000.0,9.0,2.0,or,6.5,16.0,13.0,5.0
98,V20 4G LTE - 64Go HDD - 4Go RAM - 16MP - Empreinte digitale - Gris - 12 Mois + Pochette + Protège Ecran Offerts,LG,105900.0,10001.0,3.0,gris,6.2,32.0,12.0,7.0
99,V18 Pro Dual SIM 16Go HDD -RAM 1 Go -Gris - 12 Mois,X-tigi,36450.0,1001.0,2.0,gris,6.2,16.0,13.0,2.0
100,Hot 6X Dual SIM 32Go HDD -  3Go RAM - Noir,Infinix,101000.0,49.0,4.0,noir,5.7,64.0,13.0,5.0
101,"OK-Smart18 - Dual SIM - 16Go HDD - 1 Go RAM - 5,5"" - Noir - 12 Mois",Oking,36900.0,101.0,2.0,noir,5.1,64.0,12.0,5.0
102,V30 - 64Go HDD - 4Go RAM - 16+13MP - Bleu - 12 Mois + Pochette + Protège Ecran Offerts,LG,170900.0,10001.0,6.0,bleu,5.7,32.0,5.0,2.0
103,"iPhone 6s+ - 64Go HDD - 2Go RAM - 5,5"" - Or",Apple,240000.0,101.0,3.0,or,6.2,16.0,12.0,5.0
104,One M9 32Go HDD - Noir - 12 Mois + Pochette + Protège Ecran Offerts,HTC,69900.0,10001.0,1.0,noir,3.5,64.0,8.0,1.2
105,Galaxy S7 - 32 Go HDD - Noir,Samsung,126825.0,99.0,3.0,noir,6.0,32.0,16.0,5.0
106,Galaxy J7 Edition 2016 - 16Go HDD - Noir,Samsung,79000.0,1001.0,4.0,noir,4.5,256.0,5.0,2.0
107,Redmi 6 Pro - Dual SIM - 64Go HDD - 4Go RAM - Noir + Pochette + Protège Ecran Offerts,Xiaomi,119900.0,10001.0,6.0,noir,6.0,32.0,12.0,8.0
108,Samsung Galaxy J4 Plus Dual SIM - 32Go HDD - 2Go RAM - 13MP - Noir - 12 Mois + Pochette + Protège Ecran Offerts,Samsung,89900.0,10001.0,6.0,noir,6.0,16.0,16.0,20.0
109,Galaxy S9 Plus SM-G965 - 256Go HDD - Noir - 12 mois,Samsung,415000.0,49.0,4.0,noir,6.0,32.0,13.0,8.0
110,Galaxy S6 Edge 32 Go HDD - Noir + Pochette Et Ecran de Protection - 12 Mois,Samsung,117000.0,101.0,4.0,noir,5.5,64.0,13.0,5.0
111,"Camon X - Dual SIM - 32Go HDD - 3Go RAM - 6"" - Noir - 12 Mois",Tecno,107000.0,49.0,4.0,noir,5.7,128.0,2.0,8.0
112,Spark 3 Dual SIM - 16Go HDD - 1Go RAM - Noir - 12 Mois,Tecno,72000.0,49.0,4.0,noir,5.0,64.0,8.0,5.0
113,Galaxy J6 Dual SIM - 32Go HDD - 3Go RAM - 13MP - Bleu - 12 Mois + Pochette + Protège Ecran Offerts,Samsung,99900.0,10001.0,3.0,bleu,4.0,128.0,13.0,5.0
114,Redmi Note 5 Dual SIM 64Go HDD - 4Go RAM - 12+5MP - Noir + Pochette + Protège Ecran Offerts - 12 Mois de Garantie,Xiaomi,124900.0,10001.0,4.0,noir,5.5,64.0,12.0,5.0
115,Mi A2 Dual SIM - 128Go HDD - 6Go RAM - 20+12MP - Blanc Et Or + Pochette + Protège Ecran Offerts - 12 Mois,Xiaomi,179900.0,10001.0,4.0,blanc et or,6.2,64.0,5.0,2.0
116,Galaxy S8 Dual SIM 64 Go HDD - Or,Samsung,266000.0,99.0,4.0,or,5.1,32.0,5.0,2.0
117,Lenovo S5 Pro Double Puce 64Go HDD - 6Go RAM - 12+20MP - Noir + Pochette Offert - 12 Mois,Lenovo,158500.0,1001.0,1.0,noir,5.8,32.0,8.0,5.0
118,Honor 8X -Dual Sim - 128Go HDD - 4Go RAM  - Phantom bleu - 06 Mois,Huawei,230000.0,1001.0,4.0,phantom bleu,4.7,64.0,12.0,5.0
119,Galaxy S8 Plus 64Go HDD - 4Go RAM-Noir,Samsung,249000.0,49.0,512.0,noir,6.2,64.0,20.0,4.0
120,"Samsung Galaxy S8 Plus - 64 Go HDD - 4 Go RAM - 6,2'' - Noir - 12 Mois - Pochette",Samsung,245000.0,101.0,4.0,noir,5.0,32.0,5.0,2.0
121,"Galaxy S6 Edge Plus  - 32Go HDD - 4Go RAM - 5,7"" - Bleu",Samsung,165000.0,99.0,1.0,bleu,6.2,16.0,8.0,2.0
122,Galaxy S6 32Go HDD - Noir,Samsung,107065.0,99.0,6.0,noir,5.0,64.0,8.0,5.0
123,"Redmi Note 6 Pro - Dual SIM - 64Go HDD - 4Go RAM - 6,26"" - Bleu + Pochette + Protège Ecran Offerts",Xiaomi,144900.0,10001.0,4.0,bleu,5.0,16.0,8.0,5.0
124,Redmi Note 7 Dual SIM 32Go HDD - 3Go RAM - 48+5MP - Bleu - 12 Mois + Pochette et Protège Ecran Offerts,Xiaomi,159900.0,10001.0,4.0,bleu,5.0,64.0,5.0,5.0
125,G6 32Go HDD - 4Go RAM - Or - 12 Mois + Pochette + Protège Ecran  Offerts,LG,119900.0,10001.0,2.0,or,5.5,16.0,16.0,20.0
126,Spark 3 Dual SIM - 16Go HDD - 1Go RAM - Noir - 12 Mois,Tecno,77000.0,1001.0,4.0,noir,5.7,64.0,5.0,2.0
127,"C Note 2 - Double Puce - 64 Go HDD - 4 Go RAM - 5,5"" - Bleu - 12 Mois",UMIDIGI,74900.0,101.0,3.0,bleu,5.3,64.0,12.0,7.0
128,Galaxy S6  32 Go HDD - Noir + Ecran de Protection et Pochette - 12 Mois,Samsung,99000.0,101.0,1.0,noir,4.7,64.0,16.0,2.0
129,iPhone 4S 16 Go HDD - Noir,Apple,52725.0,99.0,1.0,noir,6.2,32.0,12.0,8.0
130,"Redmi 6 Pro Dual SIM - 64Go HDD - 4Go RAM - 6"" - Noir + Pochette + Protège Ecran",Xiaomi,129900.0,101.0,2.0,noir,6.0,32.0,8.0,0.0
131,"Moto G 16 Go HDD - 1Go Ram - 4,5'' - Noir",MOTOROLA,35000.0,101.0,3.0,noir,6.3,32.0,16.0,5.0
132,S5 Pro Dual Sim - 64Go HDD - 6Go RAM - 20+12MP - Noir - 12 Mois,Lenovo,149000.0,10001.0,4.0,noir,5.2,8.0,12.0,8.0
133,Note 5 Stylus Dual SIM 64 Go HDD - Or  Et Noir,Infinix,160000.0,49.0,3.0,or et noir,2.0,32.0,5.0,8.0
134,Galaxy S7 - 32Go HDD - 4Go RAM - Noir,Samsung,116450.0,10001.0,4.0,noir,4.5,16.0,5.0,0.0
135,"Redmi S2 - Dual SIM - 64Go HDD - 4Go RAM - 6"" - Gris + Pochette + Protège Ecran Offerts",Xiaomi,114900.0,10001.0,1.0,gris,5.1,32.0,5.0,2.0
136,Samsung Galaxy J4 Plus Dual SIM - 32Go HDD - 2Go RAM - 13MP - Or - 12 Mois + Pochette + Protège Ecran Offerts,Samsung,89900.0,10001.0,3.0,or,6.2,32.0,5.0,5.0
137,Galaxy S7 Edge 32Go HDD - 4Go RAM - Gris - 12 Mois + Pochette + Protège Ecran Offerts,Samsung,154900.0,101.0,1.0,gris,6.2,64.0,12.0,5.0
138,"Galaxy S6 Edge - 32Go HDD - RAM 3Go - 5,7"" - Blanc - 12 Mois + Pochette + Protège Ecran Offerts",Samsung,117000.0,49.0,1.0,blanc,4.7,64.0,20.0,13.0
139,A32F 8Go HDD - 1Go RAM - Noir,ITEL,50000.0,10001.0,1.0,noir,6.2,32.0,5.0,2.0
140,iPhone 5S 32Go HDD - Or - 12 Mois + Pochette + Protège Ecran Offerts,Apple,89900.0,101.0,1.0,or,5.7,32.0,8.0,1.2
141,Crystal Dual SIM 16Go HDD - 2Go RAM - 13+5MP - 12 Mois de Garantie,UMIDIGI,59900.0,49.0,2.0,noir,4.5,16.0,16.0,5.0
142,Camon 11 Dual SIM - 32 Go HDD - Noir - 12 Mois,Tecno,104000.0,99.0,1.0,noir,6.2,8.0,13.0,8.0
143,"Galaxy S7 - 32 Go HDD - 4 Go RAM - 5,1"" - Noir",Samsung,132525.0,49.0,1.0,noir,6.0,16.0,12.0,5.0
144,"iPhone X - 64 Go HDD - 3 Go RAM - 5,8"" - Noir - 12 Mois",Apple,470000.0,10001.0,4.0,noir,6.0,16.0,8.0,5.0
145,Redmi 7 Dual SIM - 64Go HDD - 4Go RAM - 12+2MP - Noir + Pochette + Protège Ecran Offerts - 12 Mois,Xiaomi,154900.0,101.0,4.0,noir,5.5,16.0,16.0,5.0
146,Galaxy S6 - 32 Go HDD - 3 Go RAM - Noir,Samsung,84850.0,101.0,3.0,noir,5.0,8.0,12.0,5.0
147,One X - 32Go HDD - 1Go Ram - Noir,HTC,38500.0,10001.0,2.0,noir,6.2,16.0,8.0,13.0
148,Camon 11 Dual SIM 32 Go HDD - Blue - 12 Mois,Tecno,114000.0,101.0,3.0,bleu,5.1,64.0,8.0,1.3
149,iPhone 6 Plus - 16Go HDD - Blanc Et Or,Apple,162350.0,10001.0,2.0,blanc et or,5.0,64.0,8.0,5.0
150,"Redmi Go Dual SIM - 8Go HDD - 1Go RAM - 5"" + Protége écran Offert - Bleu",Xiaomi,42000.0,100001.0,4.0,bleu,4.7,32.0,8.0,1.2
151,Spark 3 Dual SIM - 16Go HDD - 1Go RAM - Noir - 12 Mois,Tecno,71800.0,1001.0,3.0,noir,5.7,128.0,13.0,8.0
152,E2C Dual SIM - 16Go HDD - Or - 12 Mois de Garantie,COOLPAD,39900.0,1001.0,2.0,or,4.3,32.0,8.0,5.0
153,X1 Dual SIM 16Go HDD - Noir,Gionee,103000.0,9.0,2.0,noir,5.5,32.0,12.0,8.0
154,Rise 53 Dual SIM 8Go HDD - Blanc - 12 Mois + 1 Carte SIM et 1 Forfait Internet Offerts,Orange,34900.0,10001.0,1.0,blanc,4.0,64.0,13.0,8.0
155,Smart 2 Dual SIM 16 Go HDD - 1Go RAM - Rouge - 12 Mois,Infinix,58700.0,100001.0,4.0,rouge,6.0,32.0,8.0,2.0
156,"Redmi Note 6 Pro - Dual SIM - 32Go HDD - 3Go RAM - 6,26"" - Noir",Xiaomi,121578.0,49.0,6.0,noir,4.7,16.0,8.0,0.0
157,G6 64Go HDD - 4Go RAM - Noir - 12 Mois + Pochette + Protège Ecran  Offerts,LG,119900.0,101.0,2.0,noir,5.0,16.0,13.0,8.0
158,A1 Lite Double SIM 32Go HDD - Rouge,Gionee,135000.0,101.0,1.0,rouge,5.0,8.0,5.0,2.0
159,"iPhone 7 - 128Go HDD - 2Go RAM - 4,7"" - Rouge - 6 Mois",Apple,220000.0,1001.0,1.0,rouge,5.0,32.0,12.0,5.0
160,Camon 11 Dual SIM 32 Go HDD -3 GB RAM- AQUA BLEU - 13 Mois,Tecno,110000.0,1001.0,4.0,aqua-bleu,5.5,64.0,13.0,8.0
161,"Hot 6 pro - Dual SIM - 32Go HDD - 6"" - Blanc Et Or",Infinix,95400.0,101.0,1.0,blanc et or,5.0,32.0,13.0,5.0
162,Mate20 Lite -  Dual Sim- 64Go HDD- 4Go Ram - Noir - 6 mois,Huawei,225000.0,10001.0,4.0,noir,4.5,16.0,8.0,5.0
163,Galaxy M20 Dual SIM - 32Go HDD - 3Go RAM - 13+5MP - Noir - 12 Mois,Samsung,155000.0,1001.0,3.0,noir,5.1,16.0,2.0,0.3
164,A50 16Go HDD - Argent,Alcatel,55000.0,99.0,3.0,argent,5.9,32.0,8.0,1.2
165,Vente Flash - Galaxy S7 Edge 32Go HDD - 4Go RAM - Or + Pochette,Samsung,159000.0,101.0,3.0,or,5.0,8.0,16.0,5.0
166,E561 Dual SIM - 16Go HDD - 2Go RAM - Marron + Pochette Offert - 12 Mois de Garantie,COOLPAD,42900.0,49.0,2.0,marron,5.4,64.0,5.0,0.0
167,Y3 2017 8Go HDD - Or,Huawei,64900.0,99.0,3.0,or,4.0,32.0,13.0,5.0
168,Galaxy S7 Edge 32Go HDD - 4Go RAM - Or - Pochette + Protège Écran Offerts,Samsung,179500.0,101.0,1.0,or,5.0,16.0,13.0,8.0
169,"Camon 11 Pro - Dual SIM - 64Go HDD - 6Go RAM - 6,2"" - Noir - 12 Mois",Tecno,170000.0,99.0,3.0,noir,6.0,32.0,8.0,5.0
170,Galaxy A10 Dual SIM - 32Go HDD - 2Go RAM - Noir,Samsung,99000.0,1001.0,1.0,noir,5.0,16.0,13.0,8.0
171,iPhone 6 - 16 Go HDD -  1Go RAM - Gris Argent,Apple,140000.0,10001.0,1.0,gris argent,5.5,16.0,16.0,8.0
172,Spark 3 Dual SIM - 16Go HDD - 1Go RAM - Noir - 13 Mois,Tecno,75600.0,1001.0,4.0,noir,5.1,16.0,13.0,5.0
173,Galaxy S6 Edge Plus Dual SIM - 32Go HDD - Or - 3 Mois,Samsung,153850.0,49.0,512.0,or,6.2,32.0,13.0,5.0
174,Y3 2017 8Go HDD - Or + 1 Montre Connectée Galaxy Gear Offerte,Huawei,74900.0,10001.0,2.0,or,3.5,8.0,13.0,5.0
175,"Galaxy S8 Plus - 64Go HDD - 4Go RAM - 6,2"" - Or - 12 Mois + Pochette + Protège Ecran Offerts",Samsung,249900.0,49.0,512.0,or,5.7,8.0,8.0,5.0
176,Camon X - Dual SIM - 32Go HDD - Noir - 12 Mois,Tecno,125000.0,10001.0,1.0,noir,4.7,64.0,20.0,1.2
177,"Pouvoir 2 - Dual SIM - 16Go HDD - 3Go RAM - 6"" - NOIR - 12 Mois",Tecno,78000.0,49.0,2.0,noir,4.0,8.0,5.0,8.0
178,K5 Play Dual SIM - 32Go HDD - 3Go RAM - 13+2MP - Bleu - 12 Mois + Pochette Offert,Lenovo,74900.0,9.0,3.0,noir,5.8,16.0,13.0,8.0
179,Galaxy J7 Core - 16Go HDD - Or,Samsung,96000.0,1001.0,2.0,or,5.5,8.0,5.0,2.0
180,Diamant Dual SIM 16Go HDD - 3Go RAM - Or - 12 Mois,UMIDIGI,41900.0,101.0,1.0,or,4.3,16.0,2.0,0.3
181,Spark 3 Dual SIM - 16Go HDD - 1Go RAM - Noir - 12 Mois,Tecno,78000.0,10001.0,4.0,noir,4.7,64.0,5.0,2.0
182,Galaxy S6 32Go HDD - RAM 3Go - Or + Pochette + Protège Ecran Offerts,Samsung,100000.0,101.0,1.0,or,5.0,32.0,8.0,5.0
183,"EGO NOTE 3G - Dual SIM - 8Go HDD - 1Go RAM - 5,5"" - Noir",TORQUE,37000.0,49.0,3.0,noir,6.0,16.0,16.0,5.0
184,Microsoft Lumia 550 - Reconditionné sans carton d'origine - 8Go HDD - 1RAM - Noir,Nokia,39710.0,1001.0,4.0,noir,5.5,8.0,13.0,5.0
185,G6 64Go HDD - 4Go RAM - Or - 12 Mois + Pochette + Protège Ecran  Offerts,LG,139900.0,49.0,1.0,or,4.0,64.0,8.0,1.2
186,Nokia Lumia 635 RM - 974 - Noir ( sans carton d'origine),Nokia,25700.0,101.0,2.0,noir,5.0,8.0,16.0,5.0
187,Galaxy S7 32Go HDD - Noir,Samsung,240000.0,49.0,1.0,noir,6.0,8.0,13.0,13.0
188,"Mione X2 4G - 5.5"" - 16 Go + 2 Go - Dual Sim - Noir",mione,50000.0,10001.0,1.0,noir,5.5,32.0,5.0,2.0
189,"A14 - Dual Sim - 8Go HDD - 512 Mo RAM - 4"" - Noir - 12 Mois",ITEL,30500.0,99.0,3.0,noir,4.7,64.0,3.0,2.0
190,Galaxy J4 Core Dual SIM - 16Go HDD - 1Go RAM - Or,Samsung,72500.0,9.0,3.0,or,6.4,8.0,8.0,0.0
191,iPhone 6S 64Go HDD - Or,Apple,280000.0,1001.0,2.0,or,6.0,16.0,13.0,8.0
192,One M9 32Go HDD - Gris - 12 Mois + Pochette + Protège Ecran  Offerts,HTC,69900.0,1001.0,6.0,gris,5.5,8.0,13.0,8.0
193,X9 Dual SIM Avec Deverouillage Faciale - 16 Go HDD - 2 Go RAM - 12 Mois De Garantie - Noir,Xtouch,57000.0,101.0,4.0,noir,5.0,16.0,13.0,8.0
194,"Y3 2018 Dual SIM - 8Go HDD - 5.0"" - Or",Huawei,95000.0,49.0,1.0,or,4.0,32.0,5.0,2.0
195,"K8 Note - Dual Sim - 64 Go HDD - 4 Go RAM - 5,5'' - Noir",Lenovo,125000.0,10001.0,1.0,noir,5.7,8.0,5.0,2.0
196,Galaxy J2 Core Dual SIM - 8 Go HDD - 1 Go RAM - Noir,Samsung,54000.0,100001.0,4.0,noir,4.7,32.0,8.0,5.0
197,Nokia Lumia 625  8GB sans carton d'origine - Noir,Nokia,34105.0,101.0,1.0,noir,4.7,16.0,20.0,13.0
198,Galaxy S6 32Go HDD - RAM 3Go - Or - 12 Mois + Pochette + Protège Ecran  Offerts,Samsung,110000.0,1001.0,512.0,or,5.3,64.0,13.0,5.0
199,"Redmi Note 5 - Dual SIM - 64Go HDD - 4Go RAM - 5,99"" - Or + Pochette + Protège Ecran Offerts",Xiaomi,114900.0,1001.0,1.0,or,5.5,16.0,13.0,8.0
200,iPhone 6 64Go HDD - Or - 12 Mois + Pochette + Protège Ecran  Offerts,Apple,300000.0,49.0,2.0,black,4.7,32.0,8.0,2.0
201,Galaxy J2 Core Dual Sim - 8Go HDD + 1Go RAM - Lavande,Samsung,56800.0,1001.0,3.0,noir,5.0,16.0,16.0,5.0
202,"Y5 Prime (2018) - Double Puce - 16Go HDD - 2Go RAM - 5,4"" - Bleu - 12 Mois + Bubble C Offert (20 Sachets)",Huawei,86500.0,1001.0,3.0,bleu,5.0,8.0,8.0,0.0
203,"U3 - Dual SIM - 8Go HDD - 1Go RAM - 4"" - Gris - 12 Mois",Alcatel,31900.0,49.0,4.0,gris,5.5,64.0,16.0,5.0
204,V18 Pro - Dual SIM 16Go HDD - Or - 12 Mois,X-tigi,35450.0,101.0,512.0,or,4.0,1616.0,8.0,2.0
205,Camon X Dual SIM 32Go HDD - Or - 12 Mois,Tecno,110000.0,99.0,1.0,or,5.0,4.0,12.0,5.0
206,"Studio J2 - 5"" - 8Go HDD + 512Mo RAM - Noir",Blu,28900.0,101.0,2.0,noir,6.0,4.0,12.0,5.0
207,"iPhone 7 Plus - 32Go HDD - 3Go RAM - 5,5"" - Noir - 6 Mois",Apple,326900.0,101.0,1.0,noir,6.5,8.0,12.0,5.0
208,"Galaxy S5 - 16Go HDD - 2Go RAM - 5,1"" - Blanc - 12 Mois + Pochette + Protège Ecran Offerts",Samsung,69900.0,49.0,1.0,blanc,6.0,16.0,13.0,8.0
209,Galaxy S8 Plus Dual SIM - 64 Go HDD - Noir,Samsung,287427.0,101.0,3.0,noir,6.2,32.0,13.0,8.0
210,"iPhone 4S - 16Go HDD - 512Mo RAM - 3,5"" - Noir - 12 Mois + Pochette + Protège Ecran",Apple,45000.0,101.0,2.0,noir,6.0,32.0,13.0,0.0
211,"Galaxy Note 5 - 32 Go HDD - 4 Go RAM - 5,7'' - Bleu",Samsung,125000.0,49.0,4.0,bleu,6.0,64.0,13.0,8.0
212,iPhone 6 16Go HDD - Or + Protège Ecran,Apple,150000.0,101.0,1.0,or,6.0,8.0,13.0,13.0
213,ZTE A110 - 8 GB - 4'' - 1400 mAh - Noir,ZTE,25000.0,101.0,4.0,noir,4.0,16.0,12.0,7.0
214,Galaxy S8 64Go HDD- 4Go RAM- 5.8' - Noir + Pochette,Samsung,220000.0,1001.0,2.0,noir,5.0,16.0,16.0,10.0
215,P33 Dual SIM 16Go HDD - 1Go RAM - Bleu,ITEL,59500.0,49.0,1.0,bleu,5.0,64.0,40.0,20.0
216,Galaxy J1 Ace 4Go HDD - Bleu - 24 Mois,Samsung,67000.0,99.0,3.0,bleu,6.0,64.0,12.0,8.0
217,OK-LS1 Dual SIM 4Go - 512Mo RAM - Rouge - 12 Mois,Oking,27000.0,49.0,1.0,rouge,5.0,32.0,12.0,8.0
218,Kenny 4G 8Go HDD - Noir,WIKO,47900.0,1001.0,1.0,noir,6.0,32.0,16.0,10.0
219,"X608 Hot 6 Pro - Dual SIM -16Go HDD - 2Go RAM - 6"" - Rouge - 12 Mois",Infinix,84000.0,1001.0,1.0,rouge,5.7,32.0,13.0,5.0
220,Galaxy S7 Edge Dual SIM 32 Go HDD - Or,Samsung,175750.0,49.0,1.0,or,5.0,16.0,16.0,16.0
221,Galaxy M10 Dual SIM - 32Go HDD - 3Go RAM - 13+5MP - Noir - 12 Mois  + Protège Ecran Offert,Samsung,129000.0,10001.0,1.0,noir,5.0,4.0,13.0,8.0
222,"One E9+ - 32 Go HDD - 3 GB RAM - 5,5'' - Gris",HTC,85500.0,49.0,1.0,gris,4.0,32.0,16.0,5.0
223,Galaxy M30 Dual SIM - 64Go HDD - 4Go RAM - 13+5MP - Noir - 12 Mois  + Protège Ecran Offert,Samsung,240000.0,10001.0,1.0,noir,5.5,64.0,8.0,1.2
224,"A14 - Dual Sim - 8Go HDD - 512 Mo RAM - 4"" - Noir - 12 Mois",ITEL,28000.0,49.0,4.0,noir,5.7,8.0,12.0,17.0
225,E2C Dual SIM - 16Go HDD - Gris - 12 Mois de Garantie,COOLPAD,39900.0,101.0,4.0,gris,4.3,32.0,12.0,17.0
226,"Hot 6C - Dual SIM - 16Go HDD - 2Go RAM - 6"" Or",Infinix,80000.0,1001.0,4.0,or,6.0,16.0,12.0,7.0
227,IPhone 6 Plus 64Go HDD - Gris - 12 Mois + Pochette + Protège Ecran  Offerts,Apple,179900.0,49.0,4.0,gris,6.2,8.0,16.0,2.0
228,"iPhone 6 - 64 Go HDD - 1 Go RAM - 4,7"" - Or - 12 Mois + Protège Ecran",Apple,175000.0,101.0,3.0,or,5.7,8.0,12.0,5.0
229,Galaxy A30 DUAL SIM 32Go HDD - 3Go RAM - Noir - 6 Mois,Samsung,160000.0,101.0,3.0,noir,5.2,16.0,16.0,5.0
230,Spark 2 Dual SIM 32 Go HDD + 2 Go RAM - Bleu - 12 Mois,Tecno,95000.0,49.0,1.0,bleu,4.7,16.0,12.0,5.0
231,Galaxy S7 Edge 32Go HDD - Or,Samsung,170000.0,9.0,3.0,or,5.5,8.0,12.0,5.0
232,NX Dual SIM 16Go HDD - Bleu - 12 Mois,Tecno,62000.0,101.0,2.0,bleu,5.7,8.0,12.0,7.0
233,Nokia Lumia 530 RM-1017 Reconditionné sans carton d'origine - 4 Go - Noir,Nokia,19500.0,100001.0,1.0,noir,6.0,64.0,12.0,7.0
234,Galaxy Note 5 32Go HDD - Or + Pochette + Ecran De Protection,Samsung,139000.0,1001.0,1.0,or,6.0,64.0,12.0,7.0
235,iPhone 6S 64 Go HDD - Noir - 06 Mois + Pochette + Protège Ecran Offert,Apple,230000.0,101.0,2.0,noir,5.5,64.0,12.0,7.0
236,"Desire 610 - 8Go HDD - 1Go RAM - 4,7"" - Noir",HTC,36000.0,101.0,2.0,noir,6.0,64.0,12.0,7.0
237,A1 Lite Double SIM 32Go HDD - Blanc Et Or,Gionee,135000.0,101.0,4.0,blanc et or,5.0,32.0,12.0,7.0
238,Smart 2 Dual SIM 16 Go HDD - 1Go RAM - Bleu - 12 Mois,Infinix,58700.0,49.0,1.0,bleu,5.0,32.0,16.0,5.0
239,"Desire 610 - 8Go HDD - 1Go RAM - 4,7"" - Noir",HTC,36500.0,1001.0,1.0,noir,6.0,16.0,12.0,5.0
240,Galaxy J2 Core - Dual SIM - 8Go HDD + 1Go RAM - Violet,Samsung,56800.0,49.0,2.0,noir,4.3,32.0,16.0,5.0
241,iPhone 6 Plus - 16Go HDD - Or - 12 Mois - Pochette - Glass,Apple,157900.0,101.0,3.0,or,5.0,16.0,13.0,5.0
242,"S503 Dual SIM - 16Go HDD - 1Go RAM - 5,5"" - Noir - 12 Mois",SIMI,43900.0,1001.0,512.0,noir,6.0,8.0,12.0,8.0
243,U3 Dual SIM 8Go HDD - Blanc - 12 Mois + Forfait Internet Offert,Alcatel,31900.0,1001.0,2.0,blanc,4.0,8.0,13.0,5.0
244,Galaxy Grand Prime Plus Dual SIM 8Go HDD / 1.5Go Ram - Gris Et Or,Samsung,63500.0,99.0,1.0,gris et or,6.0,16.0,16.0,5.0
245,Redmi 5 Plus Dual SIM 64Go HDD - 4Go RAM - Or + Pochette Et Protège Ecran Offerts,Xiaomi,97500.0,1001.0,1.0,or,4.7,8.0,12.0,8.0
246,Honor 8X Dual SIM - 64G HDD - 4Go RAM - Bleu,Huawei,200000.0,1001.0,2.0,bleu,5.0,32.0,12.0,8.0
247,Galaxy J6 Plus (2018) - 64 GB HDD - 4 GB RAM - 6'' + Pochette - Noir,Samsung,185000.0,49.0,2.0,noir,6.0,32.0,12.0,8.0
248,"Galaxy S8 Plus - 64 Go HDD - 4Go RAM - 6,2'' - Noir",Samsung,251465.0,101.0,4.0,noir,5.0,8.0,12.0,8.0
249,Galaxy J6 Plus Dual SIM - 32Go HDD - 3Go RAM - 13+5MP - Rouge - 12mois,Samsung,115000.0,99.0,4.0,rouge,5.7,16.0,12.0,8.0
250,Galaxy J6 Plus Dual SIM - 32Go HDD - 3Go RAM - 13+5MP - Noir - 12 Mois,Samsung,115000.0,1001.0,4.0,noir,4.0,8.0,8.0,5.0
251,Spark 2 Dual SIM 16 Go HDD - 1 Go RAM - Or Et Noir- 12 Mois,Tecno,75000.0,1001.0,2.0,or et noir,5.7,128.0,12.0,5.0
252,Galaxy M10 Dual SIM - 32Go HDD - 3Go RAM - 13+5MP - Noir - 12 Mois  + Protège Ecran Offert,Samsung,159000.0,1001.0,2.0,noir,5.7,32.0,12.0,5.0
253,Vente Flash - Galaxy S3 - 16 Go HDD - Blanc,Samsung,56050.0,101.0,1.0,blanc,5.0,4.0,12.0,8.0
254,Lumia 640 - 8Go HDD - Noir - 6 Mois,Nokia,53800.0,101.0,2.0,noir,5.0,32.0,12.0,8.0
255,R6 Plus Dual SIM 8Go HDD - Gris + 1 Carte SIM et 1 Forfait Internet Offerts,Orange,39900.0,49.0,2.0,gris,4.0,16.0,12.0,8.0
256,Pouvoir 2 Dual SIM 16Go HDD - Bleu - 12 Mois,Tecno,90000.0,99.0,4.0,bleu,5.5,16.0,16.0,5.0
257,V10 Dual SIM 8 Go HDD - Noir - 13 Mois,X-tigi,33000.0,1001.0,1.0,noir,6.0,16.0,8.0,1.3
258,Galaxy S7 Edge 32Go HDD - 4Go RAM - Or - 3 Mois + Pochette,Samsung,160000.0,101.0,1.0,or,5.5,16.0,13.0,5.0
259,Spark 2 Dual SIM 32 Go HDD - 2 Go RAM - Rouge - 12 Mois,Tecno,89000.0,101.0,1.0,rouge,6.0,64.0,13.0,5.0
260,"Vente Flash - G6 - 32Go HDD - 4Go RAM - 5,7"" - Bleu - 12 Mois + Pochette + Protège Ecran",LG,114000.0,49.0,3.0,bleu,6.0,32.0,12.0,8.0
261,"Blade A506 - 8Go HDD - 1Go RAM - 5"" - Noir - 6 Mois",ZTE,45000.0,10001.0,1.0,noir,4.5,64.0,12.0,8.0
262,"iPhone 6 - 16Go HDD - 1Go RAM - 4,7"" - Gris (Sans carton d'origine) - 12 Mois",Apple,116375.0,101.0,1.0,gris,5.0,32.0,8.0,13.0
263,"Y2 2018- Dual SIM - 8 Go HDD - 512 Mo - 4"" - Gris- 12 Mois",Tecno,34500.0,1001.0,1.0,gris,5.0,16.0,16.0,5.0
264,iPhone 6 Plus 128 Go HDD 1 Go RAM - Blanc - 12 Mois,Apple,240000.0,49.0,1.0,blanc,4.5,16.0,16.0,16.0
265,Galaxy S6 Edge 32Go HDD - RAM 3Go - Noir - 12 Mois + Pochette + Protège Ecran  Offerts,Samsung,124900.0,101.0,2.0,noir,5.0,32.0,13.0,5.0
266,Galaxy J1 Ace - 4Go HDD -  512 Mo - Blanc - 24 Mois,Samsung,49700.0,1001.0,1.0,blanc,5.3,16.0,13.0,2.0
267,Samsung Galaxy J4 Plus Dual SIM - 32Go HDD - 2Go RAM - 13MP - Or - 12 Mois,Samsung,110000.0,1001.0,4.0,or,5.0,32.0,13.0,8.0
268,"Hot 7 - Dual Sim - 6,2"" - 16 Go HDD - 1 Go RAM - Noir",Infinix,75000.0,1001.0,4.0,noir,6.4,64.0,13.0,13.0
269,OK-CX1 Dual SIM 16Go HDD - 1 Go RAM - Rouge - 12 Mois,Oking,50000.0,10001.0,1.0,rouge,5.5,8.0,12.0,7.0
270,Blade Lite V8 Dual SIM - 16Go HDD - 2Go RAM - Or,ZTE,65500.0,10001.0,1.0,or,3.5,8.0,13.0,5.0
271,Galaxy A3 Edition 2017 Dual SIM 16Go HDD - Noir - 6 Mois,Samsung,165500.0,49.0,1.0,noir,12.0,16.0,16.0,5.0
272,Nokia 8 Dual SIM 64Go HDD - Bleu + Pochette + Ecran de protection,Nokia,225000.0,10001.0,2.0,bleu,5.5,8.0,12.0,5.0
273,"G6 - 32Go HDD - 4Go RAM - 5,7"" - Noir - 12 Mois + Pochette + Protège Ecran",LG,119900.0,101.0,1.0,noir,6.2,32.0,13.0,5.0
274,"Redmi S2 - Dual SIM - 64Go HDD - 4Go RAM - 6"" - Or + Pochette + Protège Ecran Offerts",Xiaomi,114900.0,1001.0,1.0,or,5.5,64.0,13.0,8.0
275,Samsung Galaxy J4 Plus Dual SIM - 32Go HDD - 2Go RAM - 13MP - Noir,Samsung,99000.0,9.0,1.0,noir,4.7,8.0,13.0,8.0
276,Galaxy J4 Dual SIM - 16Go HDD - 2Go RAM - Noir - 12 Mois + Pochette + Protège Ecran Offerts,Samsung,79900.0,1001.0,1.0,noir,6.0,16.0,12.0,5.0
277,"Galaxy J4 Core Dual SIM - 16Go HDD - 1Go RAM - 6"" - Bleu",Samsung,72500.0,10001.0,1.0,bleu,6.0,8.0,12.0,5.0
278,Lumia 930 - 32Go HDD - Noir - 6 Mois,Nokia,128950.0,49.0,1.0,noir,6.2,16.0,12.0,8.0
279,Galaxy Grand Prime Pro Dual SIM 16Go HDD - Argent - 03 Mois de Garantie,Samsung,84800.0,1001.0,1.0,argent,6.2,16.0,13.0,8.0
280,Spark 2 Dual SIM 32 Go + 2 Go Ram HDD - Noir - 12 Mois,Tecno,95000.0,101.0,1.0,noir,6.0,32.0,13.0,13.0
281,Redmi Note 6 Pro Dual SIM 64Go HDD - 4Go RAM - Noir + Pochette et Protège Ecran Offerts,Xiaomi,144900.0,1001.0,3.0,noir,5.2,32.0,5.0,8.0
282,Galaxy J1 Mini Prime - 8Go HDD - 1Go - Noir,Samsung,50000.0,101.0,2.0,noir,4.7,16.0,12.0,7.0
283,Alcatel 1 Dual SIM 8Go HDD - Gris - 12 Mois + Forfait Internet Offert,Alcatel,44900.0,10001.0,4.0,gris,6.1,8.0,5.0,2.0
284,"S33 - 6"" - 16 Go HDD - Noir",ITEL,65000.0,101.0,2.0,noir,7.2,8.0,12.0,7.0
285,Y2 Dual SIM 8Go HDD - Gris - 12 Mois,Tecno,34000.0,49.0,2.0,gris,6.0,8.0,12.0,5.0
286,"Galaxy J6 Plus Dual SIM - 32Go HDD - 3Go RAM - 6"" - Noir - 12 Mois",Samsung,125000.0,9.0,4.0,noir,6.2,16.0,8.0,5.0
287,iPhone 6 64Go HDD - Gris - 12 Mois + Pochette + Protège Ecran Offerts,Apple,159900.0,101.0,2.0,gris,5.0,8.0,13.0,5.0
288,V11 8Go HDD Dual SIM - Or,X-tigi,35300.0,1001.0,1.0,or,6.1,16.0,13.0,8.0
289,"Hot 6 - Dual SIM - 16Go HDD - 1Go RAM - 6"" - Rouge",Infinix,77000.0,1001.0,1.0,rouge,5.5,16.0,12.0,8.0
290,Galaxy Grand Prime Plus Dual SIM 8Go HDD - 1.5Go Ram - Noir,Samsung,63700.0,101.0,1.0,noir,5.5,8.0,2.0,0.3
291,"Galaxy S6 - 32Go HDD - 3Go RAM - 5,1"" - Or",Samsung,100000.0,1001.0,1.0,or,6.0,8.0,13.0,13.0
292,G4 Stylus 16Go HDD - Gris (Reconditionné),LG,75000.0,1001.0,2.0,gris,6.4,16.0,5.0,0.0
293,iPhone 5 16Go HDD - Or,Apple,99900.0,1001.0,2.0,or,5.5,8.0,5.0,2.0
294,Galaxy Note 5 32 Go HDD 4 Go RAM - Or - Pochette - Protege Ecran- 12 Mois,Samsung,125000.0,101.0,4.0,or,6.3,16.0,5.0,0.0
295,Galaxy J7 Max Dual SIM - 32Go HDD - 4Go RAM - Or - 3 Mois,Samsung,140000.0,101.0,1.0,or,5.8,32.0,5.0,2.0
296,Energy 4S Dual SIM 16Go HDD - Gris - 6 Mois,PHICOMM,49000.0,101.0,4.0,gris,6.0,16.0,5.0,0.0
297,Ivory Dual SIM - 8Go HDD - 1Go RAM - Noir - 12 Mois,Flash,43500.0,101.0,3.0,noir,5.5,64.0,2.0,0.3
298,A11 Dual SIM 8Go HDD - Bleu - 13 Mois,ITEL,30500.0,101.0,2.0,bleu,5.8,32.0,16.0,5.0
299,"Pop 2 - Dual Sim - 5,5"" - 8Go HDD - 1Go RAM - Bleu",Tecno,66000.0,101.0,8.0,bleu,6.0,16.0,8.0,5.0
300,Spark 2 Dual SIM 16 Go HDD - 2 Go RAM - Noir - 12 Mois,Tecno,85000.0,1001.0,6.0,noir,6.1,16.0,12.0,8.0
301,"Pop 2 - Dual Sim - 5,5"" - 8Go HDD - 1Go RAM - Or",Tecno,66000.0,1001.0,3.0,or,5.8,32.0,13.0,8.0
302,Spark 2 Dual SIM - 16 Go HDD - Noir Et Or - 12 Mois,Tecno,80000.0,1001.0,4.0,noir et or,5.1,16.0,13.0,8.0
303,Spark 2 Dual SIM 16 Go HDD - 1 Go RAM - Bordeaux - 12 Mois,Tecno,85000.0,1001.0,32.0,bordeaux,5.7,8.0,12.0,8.0
304,Y3 2017 8Go HDD - Or + 1 Modem Airbox 3G Offert,Huawei,84900.0,1001.0,8.0,or,6.0,8.0,16.0,2.0
305,Galaxy Grand Prime Dual Sim 8 Go HDD - Noir + 1 Routeur 4G Offert,Samsung,120000.0,1001.0,1.0,noir,5.1,8.0,12.0,8.0
306,NX Dual SIM 16Go HDD - Bleu - 12 Mois + Forfait Internet Offert,Tecno,59900.0,100001.0,2.0,bleu,5.5,8.0,16.0,2.0
307,Y3 2017 8Go HDD - Gris,Huawei,64900.0,10001.0,3.0,gris,5.5,32.0,12.0,5.0
308,1X - 16Go HDD - Noir - 12 Mois + Forfait Internet Offert,Alcatel,70900.0,100001.0,3.0,noir,5.5,32.0,8.0,0.0
309,A1 Dual SIM 32Go HDD - Or,X-tigi,79000.0,100001.0,1.0,or,5.8,128.0,12.0,5.0
310,Galaxy A7 Dual SIM 16 Go HDD - Noir - 6 Mois,Samsung,120000.0,101.0,4.0,noir,5.5,16.0,16.0,5.0
311,"Mi4 4G FDD-LTE - 16Go HDD - 2Go RAM - 5"" - Blanc",Xiaomi,142500.0,49.0,3.0,blanc,5.8,64.0,8.0,1.2
312,Smart Dual SIM 16Go HDD - Noir  - 12 Mois,Infinix,96800.0,101.0,3.0,noir,5.8,32.0,12.0,5.0
313,Galaxy A7 Dual SIM 16 Go HDD - Blanc - 6 Mois,Samsung,120000.0,99.0,4.0,blanc,6.0,32.0,16.0,5.0
314,Blitzwolf BW-BTS1 Sport Bluetooth Earphone Headphone IPX4 Waterproof Magnetic Adsorption With Mic,BlitzWolf,12157.0,99.0,4.0,black,6.2,128.0,13.0,5.0
315,Galaxy A30 DUAL SIM 64Go HDD - 4Go RAM - Noir,Samsung,175000.0,101.0,4.0,noir,5.5,128.0,8.0,13.0
316,Desire 728 Dual Sim - 32Go HDD - 2Go RAM - 4G LTE - noir,HTC,55000.0,99.0,3.0,noir,5.7,32.0,13.0,8.0
317,iPhone 4S 16 Go HDD - Noir + Pochette et Ecran de Protection,Apple,55500.0,99.0,4.0,noir,6.0,64.0,16.0,20.0
318,Galaxy S6 32 Go HDD - Noir + Pochette et Ecran de Protection,Samsung,120500.0,99.0,2.0,noir,6.2,128.0,13.0,8.0
319,BLACKBERRY LEAP 16Go HDD - Marron (Reconditionné pas de carton d'origine),Blackberry,43500.0,101.0,4.0,marron,6.2,16.0,16.0,16.0
320,Galaxy S7 - 32 Go HDD - Noir-glace+pochette,Samsung,133500.0,9.0,3.0,noir,5.8,16.0,13.0,5.0
321,Galaxy S7 Edge 32 Go HDD - Or - 24 Mois + Pochette + Protège Ecran Offert,Samsung,172000.0,49.0,3.0,or,6.3,16.0,12.0,8.0
322,Galaxy S7 Edge 32 Go HDD - Noir + Ecran de Protection et pochette,Samsung,175000.0,101.0,4.0,noir,5.8,32.0,16.0,24.0
323,A32F 8Go HDD - Noir,ITEL,42900.0,101.0,3.0,noir,6.0,64.0,16.0,24.0
324,"Hot 7 Dual Sim - 6,2"" - 16 Go HDD - 1 Go RAM - Violet",Infinix,84740.0,101.0,3.0,violet,6.2,64.0,16.0,24.0
325,Pop 2 Power - 8Go HDD - 1Go RAM -  Or,Tecno,56000.0,9.0,3.0,or,5.0,128.0,16.0,24.0
326,Microsoft Lumia 550 - Reconditionné sans carton d'origine - 8Go HDD - 1Go RAM - Blanc,Nokia,45900.0,10001.0,3.0,blanc,5.4,32.0,5.0,2.0
327,Nokia Lumia 1320 Reconditionné sans carton d'origine - 8Go - Rouge,Nokia,59500.0,10001.0,4.0,rouge,5.4,64.0,16.0,5.0
328,Nokia Lumia 1320 - 8Go HDD - 4G (sans carton d'origine) - Noir,Nokia,59500.0,10001.0,3.0,noir,6.3,64.0,13.0,5.0
329,"Hot 7  Dual Sim - 6,2"" - 32 Go HDD - 2 Go RAM - Champagne",Infinix,95263.0,49.0,4.0,champagne,6.2,64.0,8.0,5.0
330,Galaxy A10 Dual Sim - 32Go HDD - 2Go RAM - 13MP - Bleu - 24 Mois + Protège Ecran Offert,Samsung,99900.0,49.0,6.0,bleu,6.2,128.0,12.0,12.0
331,Redmi Note 7 Dual SIM 128Go HDD - 4Go RAM - 48+5MP - Noir + Pochette et Protège Ecran Offerts,Xiaomi,199900.0,49.0,4.0,noir,6.0,256.0,8.0,1.2
332,Spark 2 Dual SIM 16 Go HDD - Bleu - 12 Mois,Tecno,83800.0,101.0,4.0,bleu,6.0,16.0,13.0,8.0
333,K5 Pro Dual SIM 64Go HDD - 6Go RAM - 16+5MP - Rose Or - 12 Mois,Lenovo,149900.0,101.0,2.0,rose or,6.0,64.0,8.0,5.0
334,Galaxy J5 Pro 32Go HDD - Noir,Samsung,169000.0,101.0,4.0,noir,6.0,32.0,16.0,5.0
335,iPhone 7 - 32Go HDD - 2GB RAM - Noir Et Gris,Apple,315000.0,101.0,3.0,noir et gris,6.4,32.0,16.0,5.0
336,"Galaxy S10 - 128Go HDD - 8Go RAM - 6,1"" - Bleu Ciel",Samsung,499000.0,1001.0,4.0,bleu ciel,5.5,32.0,12.0,5.0
337,Mate20 X Dual SIM - 128Go HDD - 6Go RAM - Bleu,Huawei,510000.0,1001.0,4.0,bleu nuit,5.5,32.0,12.0,5.0
338,Galaxy J6 Plus  2018 - 32 Go HDD - 3 Go RAM - 6'' - Gris,Samsung,200000.0,1001.0,6.0,gris,6.2,128.0,12.0,8.0
339,"Galaxy S8 Plus - 64 Go HDD - 4 Go RAM - 6,2'' - Noir - 12 Mois",Samsung,232250.0,1001.0,4.0,noir,6.2,64.0,12.0,16.0
340,Galaxy S9 - 32Go HDD - 4Go RAM - Noir,Samsung,369100.0,1001.0,32.0,noir,6.2,64.0,13.0,8.0
341,"Galaxy S10 - 128Go HDD - 8Go RAM - 6,1"" - Noir",Samsung,737500.0,1001.0,6.0,noir,4.7,64.0,13.0,8.0
342,F3(Pop¹) Pro - Dual SIM - 16Go HDD - Noir - 12 Mois,Tecno,65000.0,49.0,1.0,noir,5.2,256.0,8.0,5.0
343,Camon CX Dual SIM 16 Go HDD - Gris -12 Mois,Tecno,93900.0,9.0,1.0,gris,6.2,64.0,12.0,5.0
344,"Pouvoir 2 - Dual SIM - 16Go HDD - 3Go RAM - 6"" - NOIR - 12 Mois",Tecno,100000.0,1001.0,2.0,noir,6.2,128.0,8.0,5.0
345,Galaxy A30 Dual SIM 32Go HDD - 3Go RAM - Noir - 6 Mois,Samsung,160000.0,1001.0,3.0,noir,5.5,32.0,13.0,5.0
346,iPhone 6 Plus  64 Go HDD - Blanc Et Or,Apple,186925.0,9.0,3.0,blanc et or,6.0,32.0,8.0,5.0
347,Mate20 Lite Dual SIM - 64Go HDD - 4Go RAM - Noir - 6 Mois,Huawei,225000.0,9.0,3.0,noir,5.0,32.0,12.0,5.0
348,iPhone XR - 128 Go HDD - 3 Go RAM - Rouge,Apple,685000.0,9.0,3.0,rouge,6.0,64.0,8.0,0.0
349,"Hot 6X Dual SIM - 32Go HDD - 3Go RAM - 6,2"" - Bleu",Infinix,149700.0,49.0,4.0,bleu,6.0,32.0,8.0,5.0
350,Mi A2 Dual SIM - 64Go HDD - 4Go RAM - Noir,Xaomi,155500.0,49.0,4.0,noir,6.0,32.0,12.0,7.0
351,Redmi 6 Pro Dual SIM 64Go HDD - 4Go RAM - Noir,Xaomi,159500.0,49.0,4.0,noir,6.0,64.0,8.0,0.0
352,V30 - 64Go HDD - 4Go RAM - Bleu,LG,200500.0,49.0,4.0,bleu,6.0,64.0,8.0,5.0
353,iPhone XR - 128 Go HDD - 3 Go RAM - Noir,Apple,653300.0,49.0,4.0,noir,6.5,64.0,5.0,2.0
354,iPhone XS Max 256Go HDD - Gris Sidéral,Apple,875000.0,49.0,4.0,gris sidéral,6.0,64.0,16.0,5.0
355,Galaxy S5 16Go HDD - Blanc - Pochette + Protège Ecran Offert,Samsung,78000.0,49.0,4.0,blanc,5.5,8.0,12.0,8.0
356,Lenovo S5 Dual SIM 64Go HDD - 4Go RAM - 13+13MP - Rouge + Pochette Offert - 12 Mois,Lenovo,110000.0,1001.0,4.0,rouge,6.4,16.0,16.0,5.0
357,"Galaxy J6 Plus Dual SIM - 32Go HDD - 3Go RAM - 6"" - Noir - 12 Mois",Samsung,120000.0,1001.0,4.0,noir,5.5,32.0,16.0,5.0
358,Galaxy S7 Edge 32 Go HDD - Blanc,Samsung,165000.0,9.0,4.0,blanc,6.2,32.0,13.0,8.0
359,Galaxy S6 Edge 32Go HDD - Bleu,Samsung,165000.0,9.0,4.0,bleu,6.2,64.0,12.0,20.0
360,"Galaxy S7 Edge - 32Go HDD - 4Go RAM - 5,5"" - Or + Protège écran + Pochette",Samsung,165000.0,9.0,6.0,or,6.0,64.0,16.0,5.0
361,Galaxy S7 32 Go HDD - 4 Go RAM  - Or,Samsung,232000.0,9.0,1.0,or,6.2,64.0,16.0,5.0
362,iPhone 7 Plus - 32Go HDD - 3Go RAM - Noir,Apple,410000.0,9.0,2.0,noir,5.7,64.0,16.0,5.0
363,iPhone 7 Plus - 128Go HDD - 3Go RAM Rose Or,Apple,495000.0,9.0,6.0,rose or,5.5,128.0,13.0,5.0
364,iPhone X 64Go HDD - 3Go RAM - Gris Sidéral,Apple,651000.0,9.0,6.0,gris sidéral,6.0,128.0,12.0,5.0
365,iPhone 8 Plus 64Go HDD - Gris Sidéral,Apple,662000.0,9.0,1.0,gris sidéral,6.1,128.0,12.0,8.0
366,iPhone XS Max 64 Go HDD - Argent,Apple,700000.0,9.0,6.0,argent,6.4,128.0,8.0,1.2
367,iPhone X 256Go HDD - 3Go RAM - Gris Sidéral,Apple,789000.0,9.0,2.0,gris sidéral,5.4,128.0,12.0,5.0
368,Galaxy J8 Dual SIM 64Go HDD - Bleu,Samsung,195000.0,9.0,1.0,bleu,6.5,32.0,12.0,7.0
369,Mi 8 Lite Dual SIM 128Go HDD - 6Go RAM - Bleu,Xaomi,218500.0,9.0,3.0,bleu,6.2,32.0,12.0,12.0
370,Galaxy S6 Edge Plus - 32Go HDD - RAM 4Go - Or + Protège Ecran,Samsung,160000.0,101.0,2.0,or,6.2,64.0,12.0,7.0
371,Galaxy S7 Edge 32 Go HDD - Noir,Samsung,160000.0,1001.0,4.0,noir,6.0,64.0,12.0,7.0
372,Galaxy Note 5 32 Go HDD 4 Go RAM - Or,Samsung,190000.0,1001.0,4.0,or,6.0,64.0,5.0,2.0
373,Galaxy J4 Plus Dual SIM - 32Go HDD - 2Go RAM - 13MP - Or - 12 Mois,Samsung,175000.0,49.0,4.0,or,5.5,8.0,5.0,2.0
374,"Galaxy S8 Plus - 64 Go HDD - 4Go RAM - 6,2'' - Noir",Samsung,275000.0,49.0,4.0,noir,5.5,16.0,5.0,2.0
375,Galaxy A7 16 Go HDD - Blanc,Samsung,95000.0,1001.0,4.0,blanc,6.2,64.0,8.0,5.0
376,Camon 11 Dual SIM - 32 Go HDD - Noir - 12 Mois,Tecno,140000.0,1001.0,3.0,noir,6.4,64.0,16.0,8.0
377,Galaxy Note 5 - 32 Go HDD - 4Go RAM - Bleu,Samsung,145000.0,49.0,8.0,bleu,6.0,16.0,12.0,5.0
378,"Galaxy S8 - 64Go HDD - 4GB RAM - 5.8"" - Noir",Samsung,240000.0,49.0,3.0,noir,5.5,64.0,12.0,5.0
379,"Galaxy Note 8 - 64Go HDD - 6Go RAM - 6,3"" - Noir",Samsung,350000.0,101.0,3.0,noir,5.0,16.0,12.0,5.0
380,Galaxy S9 SM-G960 Une Sim - 64Go HDD - Gris,Samsung,400000.0,1001.0,3.0,gris,6.4,16.0,8.0,1.2
381,Galaxy S9 Plus - 64Go HDD - 6Go RAM - Gris et Noir,Samsung,420000.0,1001.0,2.0,gris et noir,5.5,16.0,5.0,2.0
382,Galaxy S9 Plus - 64Go HDD - 6Go RAM - Rose,Samsung,425000.0,101.0,3.0,rose or,4.0,16.0,16.0,5.0
383,"Blade A506 - 8Go HDD - 1Go RAM - 5"" - Noir - 6 Mois",ZTE,45000.0,49.0,3.0,noir,6.2,64.0,16.0,8.0
384,Y5 Lite - Dual Sim - 16GO HDD -1GO Ram - Bleu - 6 Mois,Huawei,72000.0,1001.0,2.0,bleu,5.0,64.0,16.0,8.0
385,Y5 Prime 2018 Dual SIM 16Go HDD - Bleu - 12 Mois + Edmark Café73 Offert (20 Sachets),Huawei,86500.0,1001.0,2.0,bleu,6.0,64.0,16.0,8.0
386,Galaxy M10 Dual SIM - 32Go HDD - 3Go RAM - 13+5MP - Noir - 12 Mois,Samsung,125000.0,1001.0,8.0,noir,6.0,128.0,8.0,1.2
387,Galaxy M20 Dual SIM - 32Go HDD - 3Go RAM - 13+5MP - Bleu - 12 Mois,Samsung,142000.0,1001.0,8.0,bleu,4.7,64.0,8.0,1.2
388,Honor 10 lite - 64 Go HDD - 3 Go RAM -  Bleu Saphir - 6 Mois,Huawei,175000.0,1001.0,1.0,bleu saphir,6.0,64.0,16.0,16.0
389,Honor 10 lite - 64 Go HDD - 3Go Ram -  Noir - 6 Mois,Huawei,175000.0,9.0,4.0,noir,6.0,128.0,12.0,5.0
390,Galaxy M20 Dual SIM - 64Go HDD - 4Go RAM - 13+5MP - Bleu - 12 Mois,Samsung,179000.0,49.0,1.0,bleu,4.0,256.0,8.0,1.2
391,Galaxy M30 Dual SIM - 64Go HDD - 4Go RAM - 13+5MP - Bleu - 12 Mois,Samsung,211000.0,9.0,1.0,bleu,6.4,64.0,12.0,8.0
392,"Galaxy A7 (2018) - Dual SIM - 128Go HDD - 4Go RAM - 6"" - Noir - 6 Mois",Samsung,212000.0,9.0,4.0,noir,6.0,64.0,12.0,7.0
393,"Galaxy A7 (2018) - Dual SIM - 128Go HDD - 4Go RAM - 6"" - Bleu - 6 Mois",Samsung,212000.0,9.0,4.0,bleu,4.7,32.0,12.0,7.0
394,"Galaxy A7 (2018) - Dual SIM - 128Go HDD - 4Go RAM - 6"" - Noir - 6 Mois",Samsung,212000.0,9.0,4.0,noir,5.0,32.0,12.0,7.0
395,"Galaxy A7 (2018) - Dual SIM - 128Go HDD - 4Go RAM - 6"" - Bleu - 6 Mois",Samsung,212000.0,9.0,4.0,bleu,5.0,32.0,12.0,7.0
396,Galaxy A50 Dual SIM - 128Go HDD - 4Go RAM - 25+8+5MP - Noir - 12 Mois,Samsung,243000.0,9.0,4.0,noir,5.0,16.0,12.0,8.0
397,Galaxy S7 Edge 32Go HDD - 4Go RAM - Or - 12 Mois,Samsung,243500.0,9.0,8.0,or,5.0,32.0,12.0,7.0
398,Galaxy S7 Edge 32Go HDD -Perle Blanc - 6 mois,Samsung,243500.0,49.0,2.0,perle blanc,5.5,128.0,12.0,7.0
399,Galaxy S8 Plus SM-G955F - 64Go HDD -4 Go Ram - Noir - 6 mois,Samsung,300000.0,9.0,3.0,noir,4.0,128.0,12.0,7.0
400,"Galaxy S8 Plus - 64Go HDD - 4Go RAM - 6,2"" - Or - 6 Mois",Samsung,300000.0,49.0,1.0,or,5.1,128.0,12.0,8.0
401,Galaxy S9 Plus - 64Go HDD - Violet lilas - 6 Mois,Samsung,400000.0,1001.0,8.0,violet lilas,5.0,16.0,12.0,7.0
402,"Galaxy S6 - 32Go HDD - 3Go RAM - 5,1"" - Blanc",Samsung,100000.0,1001.0,3.0,blanc,6.0,16.0,12.0,8.0
403,"Desire 610 - 8Go HDD - 1Go RAM - 4,7"" - Noir",HTC,40000.0,1001.0,2.0,noir,6.0,128.0,12.0,7.0
404,Galaxy A5 16 Go HDD - Or,Samsung,80000.0,1001.0,3.0,or,6.2,128.0,12.0,7.0
405,Galaxy A5 Édition 2016 16Go HDD - Or + Pochette + Ecran De Protection,Samsung,130000.0,49.0,2.0,or,6.0,32.0,8.0,5.0
406,"Galaxy S8 Plus - 64 Go HDD - 6 Go RAM - 6,2'' - Noir",Samsung,250000.0,49.0,2.0,noir,6.0,32.0,8.0,1.2
407,Galaxy S8 Plus Dual SIM - 64 Go HDD - Noir,Samsung,300000.0,49.0,3.0,noir,5.8,64.0,12.0,5.0
408,Smart 2 Dual SIM 16 Go HDD - 1Go RAM - Or - 12 Mois,Infinix,68950.0,9.0,2.0,or,5.1,128.0,16.0,5.0
409,Galaxy S6 Edge 32 Go HDD - Noir + Pochette Et Ecran de Protection - 12 Mois,Samsung,130000.0,101.0,4.0,noir,5.8,16.0,8.0,1.2
410,Galaxy C9 Pro - 64 Go HDD - 6 Go RAM - 6'' - Blanc Et Or,Samsung,250000.0,101.0,4.0,blanc et or,5.1,32.0,16.0,16.0
411,A3 Dual SIM 16Go HDD - Blanc - 12 Mois,Alcatel,65000.0,101.0,8.0,blanc,5.0,16.0,12.0,5.0
412,"Hot 6 pro - Dual SIM - 16Go HDD - 2Go RAM - 6"" - Blanc Et Or",Infinix,79600.0,49.0,3.0,blanc et or,4.0,128.0,12.0,8.0
413,"Pouvoir 2 - Dual SIM - 16Go HDD - 3Go RAM - 6"" - Or - 12 Mois",Tecno,90000.0,10001.0,1.0,blue-champagne-noir,5.5,128.0,20.0,16.0
414,Galaxy M10 Dual SIM - 16Go HDD - 2Go RAM - 13+5MP - Noir,Samsung,127000.0,10001.0,1.0,noir,4.7,8.0,8.0,5.0
415,Galaxy J6 Plus (2018) - 64 Go HDD - 4 Go RAM - 6'' - Rouge - 3 Mois,Samsung,170000.0,101.0,1.0,rouge,5.7,128.0,8.0,0.3
416,Galaxy J6 Plus (2018) - 64 Go HDD - 4 Go RAM - 6'' - Gris - 3 Mois,Samsung,170000.0,101.0,1.0,gris,5.5,32.0,5.0,2.0
417,Galaxy J6 Plus (2018) - 64 Go HDD - 4 Go RAM - 6'' - Gris - 3 Mois,Samsung,170000.0,1001.0,3.0,gris,4.7,16.0,5.0,2.0
418,Honor 8X Dual SIM - 128Go HDD - 4Go RAM - Bleu,Huawei,235000.0,1001.0,1.0,bleu,5.7,32.0,13.0,5.0
419,Galaxy A7 Dual SIM 64 Go HDD - 4Go RAM - Or,Samsung,221000.0,101.0,3.0,or,6.0,32.0,13.0,5.0
420,Galaxy J7 Pro - 64Go HDD - 3Go RAM - Noir,Samsung,242000.0,101.0,6.0,noir,5.5,16.0,8.0,5.0
421,"Galaxy S10 Plus - 128Go HDD - 8Go RAM - 6,4"" - 24 Mois - Blanc",Samsung,651000.0,101.0,4.0,blanc,6.0,64.0,8.0,0.0
422,iPhone 7 Plus 256Go HDD - Blanc Et Or,Apple,483000.0,101.0,2.0,blanc et or,6.0,64.0,13.0,5.0
423,Honor 10 lite - 64 Go HDD - 3Go Ram -  Noir - 6 Mois,Huawei,175000.0,101.0,2.0,noir,6.0,8.0,13.0,8.0
424,Honor 10 lite - 64 Go HDD - 3 Go RAM -  Bleu Saphir - 6 Mois,Huawei,175000.0,101.0,4.0,bleu saphir,6.0,128.0,16.0,20.0
425,Samsung Galaxy J4 Plus Dual SIM - 32Go HDD - 2Go RAM - 13MP - Rose,Samsung,141000.0,49.0,2.0,rose,6.0,16.0,13.0,5.0
426,Camon 11 Dual SIM 32 Go HDD - Blue - 12 Mois,Tecno,145700.0,49.0,4.0,bleu,5.5,64.0,13.0,5.0
427,"Galaxy S6 Edge - 32Go HDD - RAM 3Go - 5,7"" - Or - 12 Mois + Pochette + Protège Ecran Offerts",Samsung,2210000.0,49.0,2.0,or,6.0,8.0,16.0,16.0
428,iPhone 6S Plus 16Go HDD - Gris + Pochette Et Ecran de Protection - 12 Mois,Apple,290000.0,101.0,4.0,gris,6.0,16.0,13.0,13.0
429,Galaxy J4 Plus Dual SIM - 32Go HDD - 2Go RAM - 13MP - Noir Et Or - 12 Mois,Samsung,95265.0,9.0,1.0,noir et or,5.8,8.0,12.0,5.0
430,Galaxy S10 - 128Go HDD - 8Go RAM - 16+12+12MP - Noir - 24 Mois de Garantie,Samsung,669900.0,49.0,4.0,noir,5.3,16.0,12.0,5.0
431,Galaxy S10 Plus - 128Go HDD - 8Go RAM - 16+12+12MP - Noir - 24 Mois de Garantie,Samsung,679900.0,9.0,1.0,noir,6.3,16.0,12.0,8.0
432,Y5 Lite - Dual Sim - 16GO HDD -1GO Ram - Bleu - 6 Mois,Huawei,72000.0,49.0,4.0,bleu,5.0,8.0,12.0,7.0
433,Honor 8X -Dual Sim - 128Go HDD - 4Go RAM  - Phantom bleu - 06 Mois,Huawei,230000.0,49.0,1.0,phantom bleu,6.0,32.0,16.0,4.0
434,"Hot 7 - Dual Sim - 6,2"" - 16 Go HDD - 1 Go RAM - Noir",Infinix,77000.0,49.0,2.0,noir,6.0,8.0,16.0,4.0
435,"Hot 7 Dual Sim - 6,2"" - 16 Go HDD - 1 Go RAM - Or",Infinix,77000.0,49.0,4.0,or,6.0,32.0,12.0,5.0
436,Galaxy A7 (2018) - Dual SIM - 128Go HDD - 4Go RAM - Noir - 6 Mois,Samsung,212000.0,49.0,2.0,bleu,6.0,128.0,16.0,5.0
437,Galaxy A7 (2018) - Dual SIM - 128Go HDD - 4Go RAM - Noir - 6 Mois,Samsung,212000.0,49.0,2.0,noir,4.3,64.0,12.0,8.0
438,Galaxy S7 Edge 32Go HDD -Perle Blanc - 6 mois,Samsung,243500.0,101.0,2.0,perle blanc,5.7,16.0,12.0,8.0
439,Galaxy S7 Edge 32Go HDD - 4Go RAM - Or - 12 Mois,Samsung,243500.0,101.0,3.0,or,6.0,16.0,16.0,16.0
440,"Galaxy S8 Plus - 64Go HDD - 4Go RAM - 6,2"" - Or - 06Mois",Samsung,300000.0,49.0,3.0,or,6.0,64.0,12.0,7.0
441,"Galaxy S10 Plus - 128Go HDD - 8Go RAM - 6,4"" - 24 Mois - Blanc",Samsung,700000.0,10001.0,3.0,blanc,4.0,16.0,12.0,7.0
442,Spark 2 Dual SIM 16 Go HDD - 2 Go RAM - Or Et Noir,Tecno,88000.0,101.0,3.0,or et noir,6.0,64.0,16.0,4.0
443,Galaxy J7 Pro 32Go HDD - Gris,Samsung,190000.0,101.0,2.0,gris,4.7,16.0,12.0,7.0
444,Galaxy Grand Prime Pro Dual SIM 16Go HDD - Noir,Samsung,89500.0,101.0,3.0,noir,5.6,32.0,16.0,5.0
445,"Galaxy S10 Plus - 128Go HDD - 8Go RAM - 6,4"" - 24 Mois - Noir",Samsung,699900.0,101.0,2.0,noir,5.0,16.0,12.0,5.0
446,iPhone 7 Plus 128Go HDD - Noir -  12 Mois + Pochette + Protège Ecran Offert,Apple,450000.0,101.0,4.0,noir,5.5,32.0,12.0,7.0
447,1408 Dual SIM 8Go HDD - Gris,ITEL,33000.0,9.0,4.0,gris,6.3,64.0,12.0,7.0
448,iPhone 7 - 128Go HDD - Noir - 12 Mois,Apple,300000.0,101.0,4.0,noir,6.0,32.0,12.0,7.0
449,Galaxy S7 - 32 Go HDD - Noir,Samsung,158550.0,9.0,3.0,noir,6.0,64.0,12.0,8.0
450,Camon 11 Dual SIM 32 Go HDD - Bordeaux -Noir - 13 Mois,Tecno,116350.0,49.0,4.0,bordeaux -noir,6.0,64.0,12.0,7.0
451,Galaxy J2  - 16 Go HDD + 2 Go RAM -Or,Samsung,75000.0,49.0,4.0,or,4.7,32.0,13.0,5.0
452,Galaxy J4 Plus Dual SIM - 32Go HDD - 2Go RAM - Noir Et Or,Samsung,99000.0,49.0,4.0,noir et or,4.7,32.0,8.0,5.0
453,Galaxy J6 Dual SIM - 32 Go HDD - 3 Go RAM - 6'' - Gris Et Bleu,Samsung,129000.0,49.0,4.0,gris et bleu,5.7,16.0,13.0,8.0
454,Galaxy A3 Edition 2017 Dual SIM 16Go HDD - Or,Samsung,149000.0,101.0,1.0,or,5.9,16.0,20.0,4.0
455,Galaxy J8 - Dual Sim - 64 Go HDD - 4 Go RAM - 6'' - Or,Samsung,199000.0,101.0,4.0,or,6.1,32.0,16.0,5.0
456,"Galaxy S9 - 64Go HDD - 4 Go RAM - 6,2'' - Gris",Samsung,409000.0,9.0,3.0,gris,5.0,16.0,13.0,8.0
457,"A14 + Carte memoire 16Go - Dual SIM- 8Go HDD - 512 Mo RAM - 4"" - Noir - 12 Mois",ITEL,35000.0,9.0,1.0,noir,5.5,32.0,16.0,20.0
458,"Galaxy S10 Plus - 128Go HDD - 8Go RAM - 6,4"" - 24 Mois - Blanc",Samsung,699900.0,9.0,1.0,blanc,5.5,32.0,13.0,8.0
459,Pouvoir 2 PRO Dual SIM 16Go HDD - Bleu - 12 Mois,Tecno,104000.0,9.0,6.0,bleu,5.1,16.0,13.0,2.0
460,Vente Flash - iPhone 6 - 64Go HDD - Blanc Et Or - 12 Mois + Pochette + Protège Ecran Offerts,Apple,159900.0,9.0,1.0,blanc et or,5.0,32.0,12.0,5.0
461,A16 + Carte memoire 16Go - Dual SIM - 8Go HDD - 512 Mo RAM - Noir -12 Mois,ITEL,42500.0,9.0,3.0,noir,6.3,32.0,8.0,2.0
462,V15 Dual SIM - 16Go HDD - 1Go RAM - Or + Support paresseux - 12 Mois de Garantie,X-tigi,43000.0,9.0,1.0,or,5.0,64.0,13.0,13.0
463,A16 + Support paresseux - Dual SIM - 8Go HDD - 512 Mo RAM - Noir - 12,ITEL,43500.0,9.0,4.0,noir,5.5,32.0,13.0,8.0
464,"V15 Dual Sim - 16Go HDD - 1GB RAM - 5"" - Noir Et Or - 12 Mois + Carte Mémoire 16GB",X-tigi,45500.0,9.0,6.0,noir et  or,5.8,128.0,16.0,16.0
465,A16 +Carte memoire 16Go + Support paresseux - Dual Sim - 8Go HDD - 512 Mo RAM - Noir - 12 Mois,ITEL,46500.0,9.0,2.0,noir,5.5,32.0,13.0,8.0
466,iPhone 6+ 16 Go HDD - Noir -  06 Mois + Pochette + Protège Ecran Offert,Apple,185000.0,9.0,2.0,noir,2.0,64.0,13.0,13.0
467,"A14 Double Puce - 8Go HDD - 512 Mo RAM - 4"" - Noir - 12 Mois + Carte Mémoire 16Go + Support Téléphone",ITEL,36000.0,9.0,3.0,noir,5.0,64.0,16.0,16.0
468,Galaxy S6 Edge 32Go HDD - Bleu,Samsung,165000.0,99.0,1.0,bleu,6.0,64.0,13.0,13.0
469,Galaxy J2 Core Dual Sim - 8Go HDD - 1Go RAM - Noir,Samsung,65000.0,49.0,1.0,noir,4.0,64.0,13.0,13.0
470,Galaxy J6 Plus (2018) Dual SIM - 32 Go HDD - 3 Go RAM - 6'' - Noir,Samsung,137000.0,49.0,2.0,noir,5.7,4.0,16.0,8.0
471,"Galaxy A9 (2018) - 128Go HDD - 6Go RAM - 6"" - Noir",Samsung,294500.0,49.0,3.0,noir,5.8,64.0,12.0,5.0
472,Galaxy S8 Plus 64Go HDD - Noir,Samsung,347000.0,49.0,6.0,noir,0.0,32.0,16.0,16.0
473,Spark 2 Dual SIM - 16 Go HDD - 2 Go RAM - Bleu Et Blanc - 12 Mois,Tecno,85000.0,49.0,1.0,bleu et blanc,5.7,16.0,13.0,5.0
474,Spark 2 Dual SIM - 16 Go HDD -  2Go RAM - Noir - 12 Mois,Tecno,85000.0,49.0,2.0,noir,6.0,16.0,12.0,8.0
475,Galaxy S8 64Go HDD - Or - 12 Mois + Pochette + Protège Ecran Offert,Samsung,235500.0,49.0,4.0,or,6.0,64.0,12.0,8.0
476,Galaxy S5 16Go HDD - Noir,Samsung,75000.0,101.0,3.0,noir,6.0,16.0,12.0,8.0
477,Galaxy S8 Dual SIM 64 Go HDD - Noir -  12 Mois + Pochette + Protège Ecran Offert,Samsung,310000.0,101.0,2.0,noir,5.7,32.0,12.0,8.0
478,Galaxy S5 16Go HDD - Blanc,Samsung,75000.0,101.0,2.0,blanc,0.0,8.0,12.0,8.0
479,Galaxy S7 Dual SIM 32 Go HDD - Noir - 05 Months + Cover + Screen Protector Offered,Samsung,155800.0,1001.0,2.0,noir,5.7,32.0,12.0,8.0
480,iPhone 5S - 16Go HDD - Or - 12 Mois + Pochette + Protège Ecran Offerts,Apple,125900.0,1001.0,6.0,or,5.7,64.0,12.0,7.0
481,Galaxy S7 32Go HDD - Blanc - 07 Mois,Samsung,150800.0,1001.0,1.0,blanc,5.2,32.0,12.0,8.0
482,iPhone 6 - 64 Go HDD - Blanc Et Gris Argent - 6 Mois,Apple,200000.0,1001.0,2.0,blanc et gris argent,5.5,16.0,16.0,5.0
483,Galaxy S6 Edge plus 32Go HDD - Or - Pochette + Protège Ecran Offert,Samsung,165000.0,1001.0,2.0,or,0.0,32.0,5.0,13.0
484,iPhone 6 Plus 64Go HDD - Argent - 06 Mois,Apple,200000.0,1001.0,3.0,argent,5.5,64.0,16.0,5.0
485,iPhone 6S - 64 Go HDD - Blanc Et Gris Argent - 6 Mois,Apple,200000.0,9.0,1.0,blanc et gris argent,5.5,128.0,13.0,8.0
486,Galaxy S6 Edge Plus Dual SIM - 32Go HDD - Or - 05 Mois + Pochette + Protège Ecran Offert,Samsung,180000.0,1001.0,4.0,or,6.0,16.0,12.0,5.0
487,Samsung Galaxy J4 Plus Dual SIM GSM - LTE - 32Go HDD - 2Go RAM - Noir Et Or + Ecouteur,Samsung,150000.0,1001.0,512.0,noir et or,5.5,32.0,12.0,5.0
488,Smart 2 Pro Dual SIM 16 Go HDD - 2 Go RAM - Or,Infinix,81000.0,49.0,4.0,or,5.5,128.0,12.0,5.0
489,"Pouvoir 2 - Dual Sim - 16Go HDD - 2Go RAM - 6"" - Bleu - 12 Mois",Tecno,84000.0,49.0,1.0,bleu,5.0,8.0,12.0,5.0
490,Camon X Dual SIM 32Go HDD - Or Et Noir - 12 Mois,Tecno,130000.0,49.0,4.0,or et noir,5.0,128.0,8.0,1.2
491,"Pouvoir 2 - Dual Sim - 16Go HDD - 3Go RAM - 6"" - Bleu - 12 Mois",Tecno,90000.0,10001.0,4.0,bleu,5.0,64.0,12.0,5.0
492,"X608 Hot 6 Pro - Dual SIM - 32Go HDD - 3Go RAM - 6"" - Rouge Et Noir - 12 Mois",Infinix,100000.0,1001.0,2.0,rouge et noir,6.0,32.0,13.0,8.0
493,"Hot 6X - Dual SIM - 32Go HDD - 3Go RAM - 6,2"" - Bleu",Infinix,105000.0,49.0,3.0,bleu,6.0,16.0,12.0,5.0
494,Camon CX Dual SIM 16 Go HDD - Gris -12 Mois,Tecno,110250.0,9.0,4.0,gris,5.0,16.0,16.0,5.0
495,"Galaxy J6 Plus Dual SIM - 32Go HDD - 3Go RAM - 6"" - Rouge - 12 Mois",Samsung,125000.0,9.0,3.0,rouge,6.0,16.0,12.0,5.0
496,Samsung Galaxy J4 Plus Dual SIM - 32Go HDD - 2Go RAM - Or - 12 Months,Samsung,110000.0,9.0,4.0,or,5.0,64.0,12.0,7.0
497,Vente Flash - Galaxy S9 SM-G960 - 64Go HDD - Noir - 24 mois,Samsung,368900.0,101.0,4.0,noir,5.1,8.0,8.0,1.2
498,G5 32Go HDD - Gris,LG,260000.0,9.0,2.0,gris,4.0,64.0,8.0,2.0
499,Nova 3i Dual SIM - 128Go - 4Go Ram- HDD - Noir - 3 Mois,Huawei,265500.0,9.0,2.0,noir,5.2,16.0,16.0,5.0
500,Zenfone 4 Max - Dual Sim - 32Go HDD - 3Go RAM - Noir,ASUS,95500.0,99.0,1.0,noir,6.0,128.0,12.0,7.0
501,Galaxy A6 Plus - Dual Sim - 64Go HDD - 4Go RAM - Noir,Samsung,215500.0,101.0,2.0,noir,5.7,16.0,8.0,5.0
502,Galaxy A7 - Dual SIM - 64Go HDD - 4Go RAM - Bleu,Samsung,215500.0,101.0,3.0,blue,5.2,64.0,16.0,5.0
503,Galaxy A6 Plus - Dual Sim - 64Go HDD - 4Go RAM - Bleu,Samsung,215500.0,49.0,6.0,bleu,5.3,8.0,12.0,8.0
504,Galaxy A7 - Dual Sim - 64Go HDD - 4Go RAM - Or,Samsung,215500.0,9.0,3.0,or,5.7,64.0,12.0,8.0
505,Galaxy J1 Ace Dual SIM 4Go HDD / 512 Mo Ram - Blanc,Samsung,55700.0,99.0,3.0,white,6.0,16.0,12.0,7.0
506,"V20 4G LTE - Empreinte Digitale - 64Go HDD - 4Go RAM - 5,7"" - Noir Et Gris",LG,132450.0,49.0,1.0,noir et gris,5.2,64.0,12.0,5.0
507,"Galaxy J4 Pus Dual SIM - 32Go HDD- 3 Go RAM - 6"" - Or- 3 Mois",Samsung,115000.0,1001.0,1.0,or,6.0,32.0,13.0,5.0
508,"Galaxy J4 Core - 16Go HDD - 1Go RAM - 6,1"" - Noir",Samsung,88000.0,99.0,1.0,noir,4.7,32.0,8.0,2.0
509,iPhone 5S 16 Go HDD - 1 Go RAM - 4'' - Gris Argent,Apple,89800.0,101.0,1.0,gris argent,5.5,32.0,5.0,0.0
510,Galaxy Note 9 - 64Go HDD - 6Go RAM - Marron - 24 Mois de Garantie,Samsung,740000.0,49.0,6.0,marron,5.5,64.0,5.0,2.0
511,IPhone 6 16Go HDD - Or,Apple,120000.0,99.0,6.0,or,5.8,32.0,13.0,5.0
512,Galaxy J6 Dual SIM - 32Go HDD - 3Go RAM - 13MP - Noir - 12 Mois + Pochette + Protège Ecran Offerts,Samsung,99900.0,1001.0,1.0,nor,4.7,32.0,5.0,3.0
513,"Torque Ego Note 3G - 8Go HDD - 1Go RAM - 5,5"" - Beige Et Noir",TORQUE,37000.0,99.0,4.0,beige et noir,6.1,64.0,8.0,5.0
514,"Galaxy S6 - 32Go HDD - 3Go RAM - 5,1"" - Noir",Samsung,135000.0,99.0,4.0,noir,5.5,16.0,13.0,5.0
515,"Galaxy S6 - 32Go HDD - 3Go RAM - 5,1"" - Blanc",Samsung,135000.0,99.0,4.0,blanc,4.7,32.0,12.0,5.0
516,"Galaxy S7 - 32Go HDD - 4Go RAM - 5,1"" - Noir",Samsung,160000.0,99.0,1.0,noir,6.0,16.0,13.0,5.0
517,"Galaxy S7 Edge - 32Go HDD - RAM 4Go - 5,5"" - Noir",Samsung,250000.0,49.0,1.0,noir,5.5,64.0,13.0,5.0
518,"Galaxy Note 8 - 64Go HDD - 6Go RAM - 6,3"" - Noir",Samsung,550000.0,49.0,1.0,noir,5.5,128.0,16.0,16.0
519,"Hot 6X - Dual SIM - 32Go HDD - 2Go RAM - 6,2"" - Noir",Infinix,128500.0,49.0,4.0,noir,5.5,128.0,12.0,7.0
520,"Hot 6X - Dual SIM - 16Go HDD - 2Go RAM - 6,2"" - Noir",Infinix,105850.0,49.0,4.0,noir,6.2,256.0,13.0,5.0
521,"Note 5 - Dual SIM - 32Go HDD - 3Go RAM - 6"" - Noir - 12 Mois",Infinix,126000.0,49.0,4.0,noir,5.5,32.0,2.0,5.0
522,"iPhone 6 - 64Go HDD - 1Go RAM - 4,7"" - Gris Et Noir - 12 Mois",Apple,200000.0,49.0,4.0,gris et noir,6.0,8.0,8.0,1.2
523,"iPhone 6 - 128Go HDD - 1Go RAM - 4,7"" - Noir - 12 Mois",Apple,300000.0,49.0,4.0,noir,5.8,8.0,12.0,5.0
524,"Y6 Prime (2018) -16Go HDD - 2Go RAM - 5,7"" - Noir",Huawei,140000.0,49.0,4.0,noir,5.8,16.0,16.0,5.0
525,"Y7 Prime (2018) - Dual SIM - 32Go HDD - 3Go RAM - 5,9 - Or",Huawei,195000.0,49.0,1.0,or,5.0,16.0,16.0,5.0
526,"P20 Pro - Dual SIM - 128Go HDD - 6Go RAM - 6,1"" - Bleu - 12 Mois",Huawei,650000.0,49.0,1.0,bleu,4.7,128.0,12.0,7.0
527,"Torque EGO NOTE 3G - 8Go HDD - 1Go RAM - 5,5"" - Beige",TORQUE,37000.0,101.0,6.0,beige,5.0,128.0,12.0,5.0
528,"iPhone 6s Plus - 128Go - 2Go RAM - 5,5"" - Gris - 6 Mois",Apple,242650.0,49.0,1.0,gris,5.5,8.0,16.0,5.0
529,CRYSTAL Dual SIM 64Go HDD - 4Go RAM - 13+5MP - 12 Mois,UMIDIGI,195000.0,49.0,2.0,noir,6.0,64.0,16.0,5.0
530,"Galaxy S6 - 32Go HDD - 3Go RAM - 5,1"" - Or - 12 Mois + Pochette + Protège Ecran Offerts",Samsung,130000.0,1001.0,2.0,or,6.3,32.0,12.0,5.0
531,"G4 PLAY - Compatible CAMTEL Uniquement - 16Go HDD - 2Go RAM - 5"" - Noir",MOTOROLA,100000.0,101.0,4.0,noir,6.4,32.0,16.0,5.0
532,"R1 Plus - Double Puce - 16Go HDD - 2Go RAM - 5,5"" - Gris - 12 Mois",Blu,92500.0,101.0,2.0,gris,5.5,8.0,12.0,5.0
533,"R2 Plus (2019) - 16Go HDD - 2Go RAM - 6,2"" - Gris Argent - 12 Mois",Blu,105500.0,101.0,6.0,gris argent,5.0,8.0,16.0,5.0
534,"Galaxy Note 8 - 64 Go HDD - 6 Go RAM - 6,3'' - Noir - 24 Mois",Samsung,330000.0,1001.0,2.0,noir,4.5,16.0,16.0,5.0
535,Galaxy Grand Prime Plus Dual SIM 8Go HDD - Or,Samsung,85000.0,101.0,3.0,or,4.5,32.0,16.0,5.0
536,iPhone 6S Plus 64Go HDD - Gris+ Pochette et Ecran de Protection - 12 Mois,Apple,280500.0,1001.0,2.0,gris,5.5,32.0,12.0,5.0
537,"X Bot Champ - 32 Mo -  4Mo RAM - 2,4"" - Noir",X TOUCH,20000.0,99.0,32.0,noir,4.5,32.0,8.0,2.0
538,"X - Double Puce - 16Go HDD - 2Go RAM - 5,8"" - Noir + Écouteurs + Ecran De Protection",X TOUCH,140000.0,10001.0,3.0,noir,6.0,32.0,16.0,2.0
539,"iPhone 7 Plus - 128Go HDD - 3Go RAM - 5,5"" - Noir",Apple,347900.0,99.0,3.0,noir,5.0,64.0,16.0,5.0
540,"SP4 Senior - 32Mo - 4Mo RAM - 2,2"" - Blanc",X TOUCH,15000.0,49.0,3.0,blanc,5.0,32.0,12.0,8.0
541,"NX - Dual SIM - 16Go HDD - 1Go RAM - 5"" - Bleu - 12 Mois",Tecno,62000.0,99.0,4.0,bleu,5.4,16.0,13.0,2.0
542,"Redmi 5 Plus - Dual SIM - 64Go HDD - 4Go RAM - 5,99"" - Noir + Pochette + Protège Ecran",Xiaomi,145000.0,99.0,3.0,noir,4.7,16.0,16.0,8.0
543,"A14 - Double Puce - 8Go HDD - 512 Mo RAM - 4"" - Noir - 12 Mois",ITEL,30000.0,1001.0,32.0,noir,5.0,64.0,16.0,2.0
544,"V20 4G LTE - 64Go HDD - 4Go RAM - 5,7"" - Empreinte Digitale - Noir",LG,132450.0,101.0,3.0,noir,5.8,28.0,16.0,5.0
545,"iPhone 6 - 16Go HDD - 1Go RAM - 4,7"" -  Blanc Et Or",Apple,162350.0,1001.0,4.0,blanc,6.0,64.0,16.0,16.0
546,"Galaxy S8 - 64Go HDD - 4Go RAM - 5,8"" - Noir",Samsung,300000.0,49.0,1.0,noir,6.0,128.0,12.0,8.0
547,Galaxy S6 32Go HDD - Bleu - 3 Mois,Samsung,119500.0,49.0,1.0,bleu,5.7,64.0,16.0,16.0
548,Galaxy S6 Edge plus 32Go HDD - noir,Samsung,165000.0,49.0,4.0,noir,4.3,64.0,16.0,5.0
549,Spark 2 Dual SIM 32 Go HDD + 2 Go RAM - Or - 12 Mois,Tecno,95000.0,49.0,4.0,or,5.2,128.0,16.0,5.0
550,"Redmi 5 Plus - Dual SIM - 32Go HDD - 3Go RAM - 5,99"" - Or + Pochette + Protège Ecran",Xiaomi,130000.0,9.0,1.0,or,6.0,128.0,16.0,5.0
551,"Redmi 6X - Compatible Tous Réseaux - 64Go HDD - 4Go RAM - 5,99"" - Or",Xiaomi,149000.0,49.0,6.0,rose-noir - or,5.1,32.0,16.0,8.0
552,iPhone6 16 Go HDD - Noir,Apple,150570.0,49.0,6.0,noir,6.0,256.0,12.0,8.0
553,iPhone 6+ 16 Go HDD - Noir,Apple,203250.0,49.0,8.0,noir,6.0,128.0,12.0,8.0
554,Galaxy S6 Edge 32Go HDD - Blanc - 3 Mois,Samsung,140000.0,49.0,1.0,blanc,6.0,128.0,8.0,0.0
555,Galaxy S6 32Go HDD - Blanc - 3 Mois,Samsung,140000.0,49.0,512.0,blanc,5.5,128.0,12.0,7.0
556,Galaxy S6 Edge+ 32 Go HDD - Or,Samsung,169000.0,49.0,1.0,or,0.0,64.0,13.0,5.0
557,Galaxy S6 Edge Plus 64Go HDD - Or,Samsung,175000.0,49.0,1.0,or,5.5,64.0,12.0,5.0
558,Galaxy A5 Édition 2016 16Go HDD - Or + Pochette + Ecran De Protection,Samsung,200000.0,9.0,1.0,or,5.5,256.0,12.0,8.0
559,Galaxy S7 Edge Dual SIM 32Go HDD - Or,Samsung,221500.0,9.0,2.0,or,5.8,256.0,16.0,5.0
560,Galaxy S8+  Duos 64Go HDD - Noir,Samsung,301500.0,9.0,1.0,noir,6.0,16.0,13.0,5.0
561,iPhone 6 Plus - 16Go HDD - Or - 1 Mois,Apple,396300.0,49.0,3.0,or,6.2,16.0,16.0,5.0
562,iPhone 6s Plus 64Go HDD - Or,Apple,419500.0,49.0,2.0,or,4.7,32.0,16.0,8.0
563,iPhone 7 Plus 128Go HDD - Rouge,Apple,450000.0,49.0,2.0,rouge,5.0,32.0,16.0,8.0
564,"Galaxy Note 9 - 128Go HDD - 6Go RAM - 6,4"" - Noir - 24 Mois",Samsung,485200.0,49.0,1.0,noir,5.0,64.0,12.0,5.0
565,iPhone 7 Plus 256Go HDD - Rouge,Apple,499000.0,49.0,3.0,rouge,4.7,64.0,12.0,5.0
566,iPhone 7 Plus 32Go HDD - Or,Apple,513600.0,49.0,2.0,or,5.7,64.0,8.0,0.0
567,Ivory Dual SIM 8 Go HDD - 1Go RAM - Noir - 12 Mois,Flash,33900.0,10001.0,3.0,noir,5.8,128.0,12.0,5.0
568,A32F Dual SIM 8Go HDD - Rose Or - 12 Mois,ITEL,49900.0,10001.0,2.0,rose or,5.0,8.0,12.0,8.0
569,"V15 - Double Puce - 16Go - 1Go RAM - 5"" - Or - 12 Mois",X-tigi,52000.0,1001.0,4.0,or,6.2,4.0,16.0,5.0
570,"S33 - 16Go HDD - 1Go RAM - 6"" - Or - 12 Mois",ITEL,69500.0,1001.0,1.0,or,6.3,8.0,12.0,5.0
571,"Galaxy A9 (2018) - 128Go HDD - 6Go RAM 6"" - Noir - 6 Mois",Samsung,295000.0,101.0,2.0,noir,6.1,8.0,13.0,5.0
572,"P10+ -128Go HDD - 6Go RAM - 5,5"" - Noir",Huawei,305000.0,49.0,4.0,noir,6.0,16.0,12.0,5.0
573,A2 XL Dual SIM 8Go HDD - Noir Et Argent,Alcatel,45000.0,49.0,3.0,noir et argent,5.5,16.0,12.0,5.0
574,Galaxy C5 32 Go HDD - Noir,Samsung,134395.0,49.0,4.0,noir,5.8,16.0,12.0,5.0
575,Mi A2 Dual SIM - 64Go HDD - 4Go RAM - 20+12MP - Blanc Et Or + Pochette + Protège Ecran Offerts - 12 Mois,Xiaomi,139900.0,49.0,4.0,blanc et or,5.2,16.0,13.0,5.0
576,Galaxy S7 Dual SIM 32 Go HDD - Noir,Samsung,150000.0,49.0,4.0,noir,4.7,16.0,13.0,5.0
577,Galaxy S7 Dual SIM 32Go HDD - Or - 12 Mois,Samsung,170630.0,49.0,3.0,or,6.0,16.0,16.0,5.0
578,iPhone 6S 64 Go HDD - Argent,Apple,205000.0,1001.0,4.0,argent,5.8,8.0,16.0,8.0
579,iPhone 6+ 64 Go HDD - Argent,Apple,250000.0,101.0,4.0,argent,4.7,32.0,12.0,7.0
580,Flash Dual SIM 8 Go HDD - Or - 12 Mois,Flash,27900.0,101.0,4.0,or,4.7,16.0,12.0,7.0
581,A506 8Go HDD - 1Go RAM - Noir,ZTE,45000.0,1001.0,3.0,noir,5.8,16.0,12.0,7.0
582,Hot 6 Dual SIM 16Go HDD - Or,Infinix,79000.0,101.0,4.0,or,5.8,16.0,13.0,5.0
583,Galaxy Note 5 32Go HDD - OR,Samsung,139555.0,1001.0,2.0,ou,6.5,64.0,8.0,5.0
584,Galaxy C5 32Go HDD - Noir,Samsung,160000.0,1001.0,3.0,noir,5.0,4.0,12.0,8.0
585,G5 32Go HDD - Gris - 12 Mois + Protège Ecran,LG,160000.0,101.0,3.0,gris,5.0,16.0,5.0,5.0
586,Galaxy C7 32Go HDD - Noir - 6 Mois,Samsung,180000.0,101.0,2.0,noir,5.0,64.0,13.0,5.0
587,Galaxy J8 64Go HDD - Noir + Thé Edmark Red Bubble Offert (20 Sachets),Samsung,213800.0,1001.0,4.0,noir,5.7,32.0,13.0,0.0
588,Galaxy C5 32Go HDD - Or,Samsung,230000.0,1001.0,4.0,or,5.6,64.0,13.0,8.0
589,iPhone 6 Plus - 16Go HDD - Gris,Apple,250000.0,1001.0,4.0,gris,5.9,64.0,12.0,12.0
590,iPhone 6 Plus - 16Go HDD - Or,Apple,250000.0,99.0,6.0,or,5.5,64.0,12.0,7.0
591,Galaxy C9 Pro 64Go HDD - Noir - 6 Mois,Samsung,250000.0,1001.0,6.0,noir,5.5,32.0,12.0,8.0
592,iPhone 6 128 Go HDD 1 Go RAM - Noir - 12 Mois,Apple,280000.0,9.0,6.0,noir,5.0,32.0,5.0,2.0
593,iPhone 6s Plus 64Go - 2Go RAM - 12MP - Noir Et Gris,Apple,320000.0,10001.0,6.0,noir et gris,5.7,64.0,13.0,8.0
594,iPhone 6 Plus 128 Go HDD 1 Go RAM - Noir - 12 Mois,Apple,320000.0,1001.0,3.0,noir,4.7,64.0,13.0,13.0
595,Galaxy S8 Duos SM-G950FD - 64Go HDD - Noir - 12 Mois,Samsung,373350.0,1001.0,3.0,noir,6.0,32.0,13.0,13.0
596,iPhone 8 64Go HDD - Noir,Apple,442700.0,101.0,3.0,noir,5.7,64.0,12.0,12.0
597,P20 Pro - 128 Go HDD - 6Go Ram - Noir,Huawei,460000.0,101.0,2.0,noir,5.0,32.0,12.0,7.0
598,iPhone 7 128Go HDD - Noir - 12 Mois,Apple,475000.0,1001.0,4.0,noir,6.0,32.0,12.0,5.0
599,iPhone 7 Plus 32Go HDD - Noir,Apple,489500.0,1001.0,2.0,noir,5.7,32.0,16.0,5.0
600,iPhone 7 256Go HDD - Or - 6 Mois,Apple,500000.0,49.0,3.0,or,6.0,32.0,8.0,5.0
601,Galaxy S9 - 32Go HDD - 4Go RAM - Noir,Samsung,539500.0,1001.0,2.0,noir,6.0,32.0,13.0,5.0
602,iPhone 7 Plus 128Go HDD - Rouge - 12 Mois,Apple,540000.0,1001.0,2.0,rouge,5.7,128.0,13.0,5.0
603,iPhone 7 Plus 128Go HDD - Or - 12 Mois,Apple,540000.0,1001.0,4.0,or,5.7,64.0,5.0,5.0
604,iPhone 7 Plus 128Go HDD - Noir - 12 Mois,Apple,550000.0,99.0,3.0,noir,5.5,64.0,16.0,5.0
605,Galaxy S8 Plus (DUOS) 64Go HDD - Noir,Samsung,560000.0,101.0,4.0,noir,6.0,64.0,13.0,8.0
606,iPhone 8 Plus - 64Go HDD - Rouge,Apple,589500.0,9.0,1.0,rouge,6.0,128.0,8.0,0.0
607,Galaxy S9 Plus - 32Go HDD - 6Go RAM - Gris,Samsung,595000.0,9.0,1.0,gris,5.8,64.0,12.0,8.0
608,iPhone X 256Go HDD - 3Go RAM - 12MP - Gris - 12 Mois + Pochette + Protège Ecran Offerts,Apple,979900.0,9.0,3.0,gris,5.6,128.0,12.0,8.0
609,iPhone XS 256Go HDD - Or,Apple,999900.0,49.0,4.0,or,5.5,64.0,12.0,8.0
610,PIXI 4 Plus Power 16Go HDD - Noir,Alcatel,54000.0,49.0,3.0,noir,6.2,32.0,12.0,8.0
611,iPhone 6 16 Go HDD -  Gris Sidéral,Apple,170000.0,9.0,3.0,gris sidéral,5.8,32.0,2.0,0.3
612,"Galaxy S7 - 32Go HDD - 4Go RAM - 5,1"" - Noir + Protection Ecran - 12 Mois",Samsung,205000.0,9.0,2.0,noir,6.3,128.0,5.0,2.0
613,Galaxy S6 Edge Plus - 32Go HDD - RAM 4Go - Or + Protège Ecran,Samsung,215000.0,101.0,4.0,or,6.2,64.0,13.0,8.0
614,iPhone 5S 64 Go HDD - Or - 12 Mois,Apple,220000.0,49.0,2.0,or,5.8,64.0,20.0,13.0
615,Galaxy C9 Pro 64Go HDD - Or,Samsung,250000.0,101.0,4.0,or,5.5,128.0,12.0,5.0
616,"iPhone 6S - 64 Go HDD - 2 Go RAM - 4,7"" - Rose Or",Apple,270000.0,101.0,2.0,rose or,6.2,128.0,16.0,10.0
617,Galaxy Note 8 64Go HDD - Noir,Samsung,337000.0,9.0,4.0,noir,5.1,64.0,5.0,13.0
618,"Find X - Dual SIM - 128Go - 8Go RAM - 6,42"" - Bleu",Oppo,505800.0,10001.0,4.0,bleu,5.5,64.0,5.0,8.0
619,A5002 Dual SIM 8 Go HDD - Noir Et Gris - 12 Mois,Fero,47000.0,9.0,2.0,noir et gris,5.5,64.0,13.0,8.0
620,V9 4 Go HDD - Blanc,VSUN,54400.0,1001.0,4.0,blanc,5.5,8.0,13.0,8.0
621,"Galaxy J1 (2016) Double Puce - 8Go HDD - 1Go RAM - 4,5"" - Or + Bubble C Offert",Samsung,60000.0,9.0,3.0,or,6.2,8.0,13.0,8.0
622,"Galaxy J1 (2016) - 8Go HDD - 1Go RAM - 4,5"" - Blanc - 24 Mois + Bubble C Offert",Samsung,60000.0,1001.0,4.0,blanc,5.5,32.0,16.0,20.0
623,F3(Pop¹) Pro Dual SIM 16Go HDD - Bleu- 12 Mois,Tecno,64000.0,1001.0,4.0,bleu,5.7,64.0,13.0,0.0
624,ULEFONE S8 Pro Dual SIM 16Go HDD - Noir,ULEFONE,66500.0,1001.0,4.0,noir,5.5,32.0,16.0,5.0
625,Core 2 - Noir,Samsung,70600.0,101.0,4.0,noir,5.5,32.0,8.0,5.0
626,Hot 6 Dual SIM 16Go HDD - Noir,Infinix,79000.0,49.0,4.0,noir,5.5,32.0,13.0,5.0
627,Royale X1 Dual SIM 16Go HDD - Rose Or - 12 Mois,Fero,83000.0,1001.0,4.0,rose or,6.2,32.0,16.0,16.0
628,XT1762 Moto E4 Dual Sim 16 Go HDD - Or - 6 mois,MOTOROLA,85100.0,101.0,4.0,or,5.0,16.0,13.0,8.0
629,Y5 Prime 2018 Dual SIM 16Go HDD - Bleu - 12 Mois + Edmark Café73 Offert (20 Sachets),Huawei,86500.0,1001.0,4.0,bleu,4.7,32.0,,
630,L9 II - 8Go HDD - 1Go RAM - Noir,LG,86600.0,1001.0,3.0,noir,6.0,16.0,,
631,One A9s - 32Go HDD - 3Go RAM - Or Et Blanc,HTC,90000.0,10001.0,2.0,or et blanc,5.5,64.0,,
632,562 Dual SIM 32Go HDD - Noir - 12 Mois,TCL,95000.0,1001.0,4.0,noir,4.7,32.0,,
633,X-Touch X Dual SIM - 16Go HDD - Noir + écouteurs et Ecran De Protection,X TOUCH,101000.0,101.0,4.0,noir,5.0,32.0,,
634,Camon X Dual SIM 16Go HDD - Or -12 Mois,Tecno,110000.0,101.0,6.0,or,5.5,64.0,,
635,"L9 Plus - Dual SIM - 16Go HDD - 2Go RAM - 6"" - Noir + W2 8Go HDD Dual SIM",Tecno,135950.0,101.0,6.0,noir,5.5,32.0,,
636,G6 64Go HDD - 4Go RAM - Noir - 12 Mois + Pochette + Protège Ecran  Offerts,LG,139900.0,10001.0,6.0,noir,6.0,64.0,,
637,Desire 500 4Go HDD - Blanc,HTC,140400.0,101.0,4.0,blanc,5.1,64.0,,
638,Galaxy A5 Edition 2016 16Go HDD - Or,Samsung,145000.0,101.0,3.0,or,6.2,32.0,,
639,Galaxy J8 - 32Go HDD - Noir + Thé Edmark Red Bubble Offert,Samsung,170000.0,1001.0,6.0,noir,6.2,32.0,,
640,Galaxy S6 32Go HDD - RAM 3Go - Or - 12 Mois + Pochette + Protège Ecran Offerts,Samsung,180000.0,101.0,3.0,or,6.0,64.0,,
641,Mate10  Lite - DUAL SIM -64Go HDD - 4Go Ram - Noir - 6 Mois,Huawei,180500.0,1001.0,1.0,noir,5.5,64.0,,
642,Huawei Ascend Mate 10 Lite Dual SIM 64 Go HDD - Bleu - 12 Mois,Huawei,182000.0,101.0,3.0,bleu,5.5,64.0,,
643,Galaxy J6 Plus (2018) - 64 Go HDD - 4 Go RAM - 6'' - Noir + Pochette,Samsung,185000.0,1001.0,3.0,noir,5.0,64.0,,
644,Galaxy J7 Pro 32Go HDD - Noir + Pochette,Samsung,185500.0,1001.0,3.0,noir,5.5,32.0,,
645,Galaxy S7 Edge 32Go HDD - Bleu - 3 Mois,Samsung,195000.0,101.0,3.0,bleu,5.0,16.0,,
646,Galaxy S7 Edge 32Go HDD - Or - 3 Mois,Samsung,198500.0,1001.0,2.0,or,5.0,64.0,,
647,Nova 2 Plus 64Go HDD - 4Go RAM - Bleu + Edmark Shake Off Offert (20 sachets),Huawei,208650.0,1001.0,4.0,bleu,4.0,64.0,,
648,Nova 3E - 64Go HDD - 4Go Ram - Noir + Edmark Shake Off Offert (12 Sachets),Huawei,226000.0,1001.0,4.0,noir,5.0,64.0,,
649,X Bot Senior - 32 Go HDD - 3Go RAM - Noir,X TOUCH,250000.0,1001.0,2.0,noir,5.5,64.0,,
650,Galaxy S8 Plus 64Go HDD - Or,Samsung,300000.0,1001.0,2.0,or,5.0,64.0,,
651,iPhone 7 32Go HDD - Rose Or - 12 Mois,Apple,303000.0,1001.0,4.0,rose or,5.0,64.0,,
652,"Mi 5 - Dual SIM - 32 Go HDD - 3Go RAM - 5,15"" - Noir",Xiaomi,309200.0,1001.0,3.0,noir,5.5,256.0,,
653,"Mi 5 - Dual SIM - 32Go HDD - 3Go RAM - 5,15"" - Blanc",Xiaomi,309200.0,1001.0,1.0,blanc,5.0,64.0,,
654,iPhone 6S - 32Go - RAM 2Go - 12MP - Gris,Apple,310000.0,101.0,1.0,gris,5.5,32.0,,
655,Galaxy Note 5 32 Go HDD 4 Go RAM - Or - 12 Mois,Samsung,320000.0,1001.0,2.0,or,5.5,8.0,,
656,"P20 - 128 Go HDD - 4Go RAM - 5,8"" - Noir",Huawei,348000.0,1001.0,4.0,noir,5.0,32.0,,
657,Galaxy S9 Dual SIM - 64Go HDD - 4Go RAM - Noir + Pochette Intelligente Antichoc - 24 Mois de Garantie,Samsung,387300.0,1001.0,2.0,noir,5.6,32.0,,
658,Galaxy S9Plus - 64Go HDD - Violet lilas - 6 Mois,Samsung,400000.0,101.0,1.0,violet lilas,5.6,32.0,,
659,"Galaxy Note 8 - 64Go HDD - 6 Go RAM - 6,3'' - Noir - 24 Mois",Samsung,421600.0,1001.0,2.0,noir,4.7,32.0,,
660,P20 Pro - 128 Go HDD - 6Go Ram - Twilight + Edmark Shake Off Offert (12 Sachets),Huawei,440000.0,101.0,3.0,twilight,5.7,16.0,,
661,Galaxy C9 Pro 64Go HDD - Or - 6 Mois,Samsung,482300.0,1001.0,1.0,or,4.0,32.0,,
662,iPhone 8 Plus 64Go HDD - Or,Apple,485000.0,1001.0,1.0,or,5.5,32.0,,
663,iPhone X 64Go HDD - 3Go RAM - 12MP - Gris - 12 Mois + Pochette + Protège Ecran Offerts,Apple,494900.0,101.0,3.0,gris,5.7,16.0,,
664,"Mi 5 - Dual SIM - 32Go HDD - 3Go RAM - 5,2"" - Or",Xiaomi,499500.0,1001.0,4.0,or,5.1,16.0,,
665,iPhone 7 32Go HDD - Or - 12 Mois,Apple,539500.0,101.0,6.0,or,4.7,32.0,,
666,"Mi Mix - Dual SIM - 128Go HDD - 4Go RAM - 6"" - Noir",Xiaomi,559700.0,9.0,1.0,noir,5.5,32.0,,
667,iPhone 6S 64Go HDD - Gris - 12 Mois,Apple,563000.0,49.0,3.0,gris,5.7,32.0,,
668,iPhone X 64Go HDD - 3Go RAM - 12MP - Gris,Apple,579500.0,1001.0,4.0,gris,5.7,16.0,,
669,iPhone 7 128Go HDD - Rouge - 6 Mois,Apple,600000.0,1001.0,1.0,rouge,5.1,16.0,,
670,iPhone 7 128Go HDD - Noir De Jais - 12 Mois,Apple,621100.0,101.0,2.0,noir de jais,5.5,32.0,,
671,Galaxy S9 SM-G960 Dual Sim - 64Go HDD - Gris - 12 Mois,Samsung,700000.0,101.0,1.0,gris,5.6,64.0,,
672,"iPhone X - 64Go HDD - 3Go RAM - 5,8"" - Noir - 12 Mois + Pochette + Protège Ecran Offerts",Apple,710000.0,101.0,1.0,noir,6.0,128.0,,
673,"iPhone XS Max - 64 Go HDD - 4 GB RAM - 6,5"" - Noir",Apple,815000.0,101.0,1.0,noir,4.0,16.0,,
674,Desire 626  8Go HDD - Noir,HTC,55000.0,101.0,1.0,noir,5.1,256.0,,
675,Geek V975 Dual SIM 8Go HDD -  Noir Et Blanc - 6 mois,ZTE,65000.0,101.0,1.0,noir et blanc,6.0,16.0,,
676,562 Dual SIM 32Go HDD - Or - 12 Mois,TCL,85000.0,101.0,1.0,or,6.2,16.0,,
677,One M9 32Go HDD - Or - 3 Mois,HTC,90000.0,101.0,1.0,or,5.3,64.0,,
678,V20 4G LTE - 64Go HDD - 4Go RAM - 16MP - Empreinte digitale - Noir - 12 Mois + Pochette + Protège Ecran Offerts,LG,110900.0,9.0,1.0,noir,5.1,64.0,,
679,Galaxy J6 Dual SIM 32Go HDD - Noir,Samsung,115000.0,49.0,1.0,noir,5.7,64.0,,
680,Camon X Dual SIM - 32Go HDD - 12 Mois - Bleu,Tecno,125000.0,101.0,2.0,bleu,5.6,16.0,,
681,One Touch Idol 3 32Go HDD - Gris,Alcatel,130000.0,49.0,2.0,gris,5.8,32.0,,
682,OT Idol X+ Dual SIM 16Go HDD - Noir,Alcatel,130000.0,49.0,1.0,noir,6.0,32.0,,
683,Galaxy S7 Edge 32Go HDD - 4Go RAM - Bleu - 12 Mois + Pochette + Protège Ecran Offerts,Samsung,154900.0,101.0,3.0,bleu,5.5,8.0,,
684,Z30 16 Go HDD - Noir - 12 Mois,Blackberry,160900.0,101.0,3.0,noir,6.2,16.0,,
685,Galaxy J7 Max Dual SIM 32Go HDD - Noir + Edmark Café Ginseng Offert  - 12 Mois,Samsung,162000.0,99.0,2.0,noir,5.1,4.0,,
686,Galaxy A3 Edition 2017 Dual SIM 16Go HDD - Or - 6 Mois,Samsung,166700.0,49.0,4.0,or,4.7,8.0,,
687,Galaxy J8 64Go HDD - Or + Edmark Red Bubble Tea Offert (20 Sachets),Samsung,170000.0,49.0,1.0,or,5.5,8.0,,
688,Galaxy A5 Edition 2017 32Go HDD - Bleu,Samsung,179800.0,49.0,1.0,bleu,5.8,8.0,,
689,One Touch Idol 3 Dual SIM 16Go HDD - Noir + Samsung GT-E1205Y 32Mo ROM - 4Mo RAM - Gris,Alcatel,182500.0,99.0,4.0,noir et gris,6.3,16.0,,
690,"Galaxy J7 Max - Dual SIM - 32Go HDD - 4Go RAM - 5,7'' - Noir",Samsung,185000.0,101.0,3.0,noir,5.5,16.0,,
691,One M8 32Go HDD - Gris,HTC,188800.0,101.0,2.0,gris,6.0,8.0,,
692,Mate 10 Lite 64Go HDD - 4Go Ram - Noir - 12 Mois + Edmark Shake Off Offert (12 Sachets),Huawei,195000.0,49.0,2.0,noir,5.2,16.0,,
693,Galaxy A7 Dual SIM Edition 2017 32Go HDD - Noir - 6 Mois,Samsung,195000.0,49.0,4.0,noir,5.0,8.0,,
694,Galaxy J8 (2018) - Dual SIM - 64 Go HDD - 4 Go RAM - 6'' - Or + Pochette,Samsung,200500.0,99.0,4.0,or,5.0,128.0,,
695,Galaxy J8 (2018) - Dual SIM - 64 Go HDD - 4 Go RAM - 6'' + Pochette - Noir,Samsung,200500.0,99.0,3.0,noir,6.2,16.0,,
696,"Galaxy J7 Max - Dual SIM - 32Go HDD - 4Go RAM - 5,7"" + Pochette - Or",Samsung,205000.0,99.0,2.0,or,6.2,16.0,,
697,"Galaxy J7 Max - Dual SIM - 32Go HDD - 4Go RAM - 5,7"" + Pochette - Noir",Samsung,205000.0,9.0,3.0,noir,5.5,32.0,,
698,Nokia 8 Dual SIM 64Go HDD - Bleu,Nokia,215000.0,99.0,4.0,bleu,6.0,32.0,,
699,Galaxy J8 (2018) - 64Go HDD - Noir + Pochette,Samsung,220500.0,101.0,2.0,noir,5.7,32.0,,
700,Galaxy J8 (2018) - Dual SIM - 64 Go HDD - 4 Go RAM - 6'' - Or + Pochette,Samsung,220500.0,1001.0,2.0,or,6.0,32.0,,
701,"Galaxy S7 Edge - 32Go HDD - 4Go RAM - 5,5"" - Noir + Protection Ecran - 12 Mois",Samsung,225000.0,10001.0,3.0,noir,6.1,8.0,,
702,Nova 3E - 64Go HDD - 4Go Ram - Bleu + Edmark Shake Off Offert (12 Sachets),Huawei,226000.0,101.0,4.0,bleu,5.8,64.0,,
703,Galaxy A6 Edition 2018 32Go HDD - Or,Samsung,230000.0,101.0,6.0,or,6.5,32.0,,
704,Galaxy A7 Dual SIM 16 Go HDD - Noir - 24 Mois,Samsung,279200.0,101.0,4.0,noir,5.2,64.0,,
705,Galaxy S8 Plus SM-G955F - 64Go HDD - Noir - 24 mois,Samsung,289900.0,101.0,2.0,noir,4.5,32.0,,
706,Galaxy S8 DUOS 64Go HDD - Gris - 12 Mois,Samsung,319000.0,99.0,4.0,gris,5.7,16.0,,
707,"Galaxy Note 8 SM-N950 - 64 Go HDD - 6 Go RAM - 6,3'' - Noir - 24 Mois",Samsung,329900.0,101.0,3.0,noir,5.7,32.0,,
708,Galaxy Note 8 Duos 64Go HDD - Noir 24Mois,Samsung,370000.0,101.0,4.0,noir,5.7,64.0,,
709,Galaxy S9 Plus 64Go HDD - Rose - 24 Mois,Samsung,459000.0,101.0,6.0,rose,6.0,32.0,,
710,Galaxy S9 SM-G960 - 64Go HDD - Noir - 24 mois,Samsung,495000.0,101.0,3.0,noir,5.8,16.0,,
711,iPhone 8 Plus 256Go HDD - Noir,Apple,510000.0,101.0,3.0,noir,4.7,32.0,,
712,Galaxy S9 Plus SM-G965 - 64Go HDD - Noir - 12 mois,Samsung,610000.0,101.0,6.0,noir,5.5,64.0,,
713,Galaxy S6 32Go HDD - Noir - 12 Mois + Pochette + Protège Ecran Offert,Samsung,125000.0,9.0,4.0,noir,5.7,16.0,,
714,S13 - 8Go HDD - 1GB RAM - Noir - 13 Mois,ITEL,65000.0,101.0,2.0,noir,5.5,16.0,,
715,Redmi 6 Dual SIM - 32Go - 3Go Ram HDD - 12+5MP - Bleu,Xaomi,95500.0,101.0,3.0,bleu,5.5,64.0,,
716,Redmi 6 Dual SIM - 32Go - 3Go Ram HDD - Noir,Xaomi,95500.0,101.0,3.0,noir,5.5,128.0,,
717,Camon 11 Dual SIM 32 Go HDD - 3Go RAM - Noir - 12 Mois,Tecno,114000.0,101.0,6.0,noir,5.5,64.0,,
718,Galaxy S6  32 Go HDD -Blanc + Ecran de Protection et Pochette - 12 Mois,Samsung,100000.0,101.0,6.0,blanc,5.7,32.0,,
719,"iPhone 7 Plus - 32Go HDD - 3Go RAM - 5,5"" - Rose Or",Apple,320000.0,99.0,4.0,rose or,6.2,16.0,,
720,Note 4 Dual SIM 16Go HDD - Noir - 12 Mois,Infinix,89000.0,99.0,2.0,noir,3.5,32.0,,
721,Galaxy S7 Edge - 32 Go HDD - 4 Go RAM - Or - 12 Mois + Pochette + Protège Ecran,Samsung,167000.0,49.0,1.0,or,5.3,32.0,,
722,Galaxy S7 Edge - 32 Go HDD - 4 Go RAM - Bleu - 12 Mois + Pochette + Protège Ecran,Samsung,167000.0,99.0,4.0,bleu,5.5,64.0,,
723,Galaxy M10 Dual SIM - 16Go HDD - 2Go RAM - 13+5MP - Noir + Protège Ecran Offert,Samsung,200000.0,99.0,1.0,noir,6.2,64.0,,
724,Vente Flash - Galaxy M10 Dual SIM - 16Go HDD - 2Go RAM - 13+5MP - Noir + Protège Ecran Offert,Samsung,200000.0,99.0,2.0,noir,5.0,32.0,,
725,Galaxy S7 32Go HDD - Or - 12 Mois + Pochette + Protège Ecran Offert,Samsung,140000.0,9.0,1.0,or,6.2,256.0,,
726,Camon 11 Dual SIM 32 Go HDD - Bleu - 12 Mois,Tecno,108000.0,99.0,2.0,bleu,4.0,64.0,,
727,"iPhone 6 - 32Go HDD - 1Go RAM - 4,7"" - Gris - 12 Mois",Apple,205800.0,99.0,1.0,gris,5.0,32.0,,
728,Galaxy S7 Edge 32Go HDD- 4Go RAM - Noir - 12 Mois + Pochette,Samsung,160000.0,99.0,2.0,noir,6.2,32.0,,
729,iPhone 6 16 Go HDD -  Gris Sidéral,Apple,100000.0,99.0,3.0,gris sidéral,5.3,256.0,,
730,Galaxy S7 32Go HDD - Or - 3 Mois,Samsung,125000.0,99.0,6.0,or,5.5,64.0,,
731,Pouvoir 2 Dual SIM 16Go HDD - Or - 12 Mois,Tecno,93000.0,99.0,6.0,or,6.1,128.0,,
732,Galaxy S7 Edge - 32 Go HDD - 4 Go RAM - Noir - 12 Mois + Pochette + Protège Ecran,Samsung,169900.0,99.0,4.0,noir,6.4,64.0,,
733,Galaxy Note 5 32 Go HDD - Blanc,Samsung,154400.0,99.0,4.0,blanc,5.0,64.0,,
734,Galaxy S7 Edge 32Go HDD - Gris + Protège Ecran,Samsung,159000.0,99.0,4.0,gris,5.5,16.0,,
735,iPhone 8 64Go HDD - Or,Apple,420000.0,99.0,1.0,or,5.5,16.0,,
736,iPhone 6 128Go HDD - Or,Apple,250000.0,101.0,2.0,or,6.2,32.0,,
737,X Bot Junior -16Go - Noir,X TOUCH,100000.0,101.0,4.0,noir,6.0,8.0,,
738,Galaxy S6 Edge Plus 32Go HDD - Or - 12 Mois,Samsung,150000.0,99.0,4.0,or,6.0,16.0,,
739,"iPhone 8 Plus - 256 Go HDD - 3 Go RAM - 5,5'' - Noir",Apple,470000.0,99.0,6.0,noir,6.0,16.0,,
740,P33 Dual SIM 16Go HDD - 1Go RAM - Bleu,ITEL,58500.0,99.0,3.0,bleu,6.0,32.0,,
741,"S33 - 6"" - 16 Go HDD - Noir",ITEL,64500.0,101.0,2.0,noir,6.2,8.0,,
742,"Galaxy S6 Edge - 64 Go HDD - 3 Go RAM - 5,1'' - Noir-glace+pochette",Samsung,150000.0,99.0,4.0,noir,6.4,16.0,,
743,"Galaxy S8 Plus - 64 Go HDD - 4Go RAM - 6,2'' - Noir-pochette+glass",Samsung,288700.0,99.0,4.0,noir,6.4,32.0,,
744,"S9 Plus - 64Go HDD - 6Go RAM - 6,2"" - Noir - 12 Mois-glace+pochette",Samsung,429000.0,99.0,1.0,noir,6.0,128.0,,
745,"Hot 6 - Dual SIM - 16Go HDD - 1Go RAM - 6"" Or",Infinix,74210.0,99.0,2.0,or,6.2,128.0,,
746,iPhone 7 Plus 32Go HDD - Or - 12 Mois,Apple,404225.0,99.0,2.0,or,6.3,512.0,,
747,"Galaxy S7 Edge - 32 Go HDD - RAM 4 Go - 5,5"" - Noir - 12 Mois + Pochette + Protège Ecran",Samsung,165000.0,101.0,1.0,noir,6.0,512.0,,
748,Galaxy Grand Prime Dual Sim 8 Go HDD - Argent + 1 Carte Sim Offerte,Samsung,67900.0,99.0,4.0,argent,5.0,32.0,,
749,Galaxy J4 Dual SIM - 16Go HDD - 2Go RAM - Noir,Samsung,79900.0,99.0,2.0,noir,5.5,8.0,,
750,Colorful Carrying Storage Bag Case For Earphone Cable,Universal,1039.0,99.0,1.0,beige,5.6,16.0,,
751,ROCK 360 Degree Rotation Qi Wireless Car Charger Phone Holder With LED Indicator For IPhone X S8,Rock,13223.0,99.0,4.0,black,6.0,32.0,,
752,StarTrail 7 - 4 Go HDD - Bleu (Reconditionné pas de carton d'origine),Startrail,39615.0,99.0,32.0,bleu,5.7,32.0,,
753,StarTrail 6 Reconditionné sans carton d'origine - 4Go HDD - 512Mo RAM - Noir,Startrail,34010.0,99.0,6.0,noir,,128.0,,
754,Vente Flash - Core Stilo Dual SIM - 8 Go HDD - 1Go RAM - Noir - 24 Mois de Garantie,Noa,33250.0,99.0,1.0,noir,,256.0,,
755,ZTE Dive71-  Reconditionné (Sans Carton D'Origine) - Noir,welcom et autres,50825.0,99.0,2.0,noir,,64.0,,
756,Tommy 2 Plus Reconditionné (Sans Carton D'Origine) - 16Go HDD - 1Go RAM - Noir,WIKO,56050.0,99.0,3.0,noir,,64.0,,
757,"iPhone 6 - 16Go HDD - 1Go RAM - 4,7"" - Noir (Sans carton d'origine)- 12 Mois",Apple,133475.0,99.0,4.0,noir,,32.0,,
758,Fova Reconditionné - 8Go HDD - Bleu (sans carton d'origine),Orange,52250.0,99.0,8.0,bleu,,16.0,,
759,Nura OneTouch M812 Reconditionné (sans carton d'origine) - 16Go HDD - Gris,Alcatel,56050.0,99.0,8.0,gris,,16.0,,
760,STARADDICT 5 Reconditionné sans carton d'origine - 8Go HDD - 1Go RAM - Noir,HISENSE,45125.0,49.0,1.0,or,,16.0,,
761,iPhone 6S Plus 128Go HDD - Or - 12 Mois,Apple,325000.0,99.0,1.0,gris,,8.0,,
762,"Nura2 Reconditionné (sans carton d'origine) - 5,5"" - 16Go - 4G - Gris",Orange,56050.0,99.0,1.0,noir,,32.0,,
763,Dive 72 Reconditionné - 16Go HDD - Noir (Sans carton d'origine),Orange,61750.0,99.0,1.0,noir,,32.0,,
764,"Galaxy A6 Dual SIM (2018) - 32Go HDD - 3Go RAM - 5,6"" plus Montre connecte gear fit- Noir",Samsung,235125.0,99.0,1.0,noir,,16.0,,
765,"Galaxy J6 Infinity - Dual SIM - 32Go HDD - 3Go RAM - 5,6"" + Montre connectée - Noir",Samsung,226575.0,99.0,2.0,bleu,,16.0,,
766,iPhone 7 32Go HDD + Montre Connectée - Noir - 12 Mois,Apple,507015.0,99.0,1.0,noir,,8.0,,
767,"G6 - 32Go HDD - 4Go RAM - 5,7"" - Bleu - 12 Mois + Pochette + Protège Ecran",LG,114000.0,99.0,3.0,gris,,64.0,,
768,Core stilo Dual SIM - 8Go HDD - 1Go RAM - Noir - 24 Mois,Noa,32250.0,99.0,2.0,noir,,64.0,,
769,IPhone 6 Plus 64Go HDD - Gris - 12 Mois,Apple,165000.0,99.0,2.0,noir,,8.0,,
770,Galaxy S7 Edge 32Go HDD - noir - 3 Mois,Samsung,166725.0,99.0,3.0,noir,,8.0,,
771,"Galaxy S6 Edge Plus  - 32 Go HDD - 4 Go RAM - 5,7"" - Noir",Samsung,160000.0,101.0,4.0,rose or et blanc,,32.0,,
772,"Galaxy S6 Edge - 64 Go HDD - 3 Go RAM - 5,1'' - Noir",Samsung,142500.0,99.0,3.0,or,,32.0,,
773,"iPhone 7 - 32Go HDD - 2Go RAM - 4,7"" - Rose Or Et Blanc - 6 Mois",Apple,284750.0,99.0,4.0,noir,,32.0,,
774,Galaxy S7 Edge 32 Go HDD - Or,Samsung,167105.0,99.0,4.0,or,,128.0,,
775,Galaxy S6 Edge 32 Go HDD - Noir,Samsung,166250.0,99.0,1.0,or,,128.0,,
776,Galaxy S6 Edge 64 Go HDD - Or,Samsung,142500.0,99.0,1.0,or,,8.0,,
777,"Galaxy S7 Edge - 32Go HDD - 4GB RAM - 5,5"" - Or",Samsung,151573.0,99.0,3.0,gris,,8.0,,
778,Galaxy S6 Edge 32 Go HDD - Or,Samsung,131475.0,99.0,2.0,noir,,1616.0,,
779,"iPhone 6S Plus - 16Go HDD - 2Go RAM - 5,5"" - Gris - 12 Mois + Pochette Et Ecran De Protection",Apple,190475.0,99.0,1.0,noir,,16.0,,
780,"Galaxy S6 Edge Plus - 32 Go HDD - 4 Go RAM - 5,7"" - Noir",Samsung,151000.0,49.0,2.0,noir,,16.0,,
781,"V20 - 64 Go HDD - 4Go RAM - 5,7"" - Noir",LG,128250.0,99.0,2.0,gris,,16.0,,
782,Galaxy S6 Edge 32Go HDD - Noir - 12 Mois,Samsung,128250.0,99.0,4.0,noir,,16.0,,
783,iPhone 6S Plus 16Go HDD - Gris + Pochette Et Ecran de Protection - 12 Mois,Apple,199975.0,99.0,3.0,noir,,32.0,,
784,"Galaxy J6 Infinity - Dual SIM - 32Go HDD - 3Go RAM - 5,6"" - Noir",Samsung,142500.0,99.0,,blanc,,16.0,,
785,Galaxy A7 (2018) - Dual SIM - 64Go HDD - 4Go RAM - Noir - 6 Mois + Glace De Protection Offerte,Samsung,223250.0,9.0,,blanc,,32.0,,
786,Galaxy S3 - 16 Go HDD - Blanc,Samsung,60325.0,9.0,,noir,,64.0,,
787,Galaxy S5 16Go HDD - Blanc - 3 Mois,Samsung,90820.0,9.0,,noir,,128.0,,
788,"Galaxy S6 Edge - 64 Go HDD - 3 Go RAM - 5,1'' - Black",Samsung,147250.0,10001.0,,noir,,32.0,,
789,"Galaxy A7 (2018) - Dual SIM - 128Go HDD - 4Go RAM - 6"" - Noir - 6 Mois",Samsung,242250.0,10001.0,,blanc,,64.0,,
790,"Galaxy S8 Plus - 64 Go HDD - 6 Go RAM - 6,2'' - Noir",Samsung,270750.0,10001.0,,gris,,64.0,,
791,Galaxy S4 16Go HDD - Blanc - 3 Mois,Samsung,71250.0,49.0,,noir,,16.0,,
792,G5 - 32Go HDD - Gris - 12 Mois + Protège Ecran Offert,LG,104500.0,9.0,,or,,16.0,,
793,Galaxy S5 16Go HDD - Noir - 3 Mois,Samsung,80750.0,101.0,,noir,,32.0,,
794,Galaxy S6 Edge plus 32Go HDD - Or - 3 Mois,Samsung,152000.0,49.0,,or,,16.0,,
795,"Galaxy A6 Dual SIM (2018) - 32Go HDD - 3Go RAM - 5,6"" - Noir + Glace De Protection",Samsung,170000.0,1001.0,,blanc et or,,8.0,,
796,Vente Flash - Galaxy S8 64Go HDD - Or,Samsung,213750.0,101.0,,noir,,16.0,,
797,Galaxy C9 Pro - 64 Go HDD - 6 Go RAM - 6'' - Blanc Et Or,Samsung,247000.0,49.0,,or,,32.0,,
798,Galaxy S6 Edge 32Go HDD - noir - 3 Mois,Samsung,128250.0,49.0,,or,,64.0,,
799,Galaxy Note 5 32 Go HDD - Or,Samsung,137988.0,49.0,,blanc,,32.0,,
800,iPhone 6 16 Go HDD - Or,Apple,157415.0,49.0,,argent,,,,
801,Galaxy S6 Edge 64 Go HDD - Blanc,Samsung,159854.0,101.0,,or,,,,
802,iPhone 6 16 Go HDD - Argent,Apple,161048.0,9.0,,or,,,,
803,iPhone 6 64 Go HDD - Or,Apple,170525.0,9.0,,blanc,,,,
804,Galaxy C7 32 Go HDD - Or,Samsung,180025.0,9.0,,blanc,,,,
805,Galaxy S8 64Go HDD - Blanc - 3 Mois,Samsung,209000.0,101.0,,or,,,,
806,Galaxy S8 Dual SIM 64 Go HDD - Blanc,Samsung,256452.0,101.0,,or,,,,
807,iPhone 6  Plus  128 Go HDD - Or,Apple,266000.0,101.0,,or,,,,
808,iPhone 7 Plus 256Go HDD - Or,Apple,475000.0,101.0,,noir,,,,
809,Galaxy A5 16 Go HDD - Or,Samsung,123595.0,1001.0,,noir,,,,
810,Galaxy S7 Edge 32 Go HDD - Noir,Samsung,166250.0,101.0,,or,,,,
811,"S9 Plus - 64Go HDD - 6Go RAM - 6,2"" - Noir - 12 Mois",Samsung,417050.0,9.0,,noir,,,,
812,Galaxy S6 Edge 32Go HDD - Or - 3 Mois,Samsung,128250.0,99.0,,noir,,,,
813,Galaxy A5 16 Go HDD - Noir,Samsung,133095.0,101.0,,or,,,,
814,Galaxy S6 Edge 64 Go HDD - Noir,Samsung,147250.0,99.0,,blanc,,,,
815,Galaxy C5 32 Go HDD - Or,Samsung,151525.0,49.0,,noir,,,,
816,Galaxy C7 32 Go HDD - Blanc,Samsung,161975.0,10001.0,,noir,,,,
817,Galaxy S7 Edge 32Go HDD - Noir,Samsung,166725.0,10001.0,,or,,,,
818,Galaxy S7 Edge Dual SIM 32 Go HDD - Noir,Samsung,175750.0,49.0,,blanc,,,,
819,iPhone 6 Plus 64 Go HDD - Or,Apple,179000.0,99.0,,or,,,,
820,Galaxy S7 Edge 32 Go HDD - Blanc,Samsung,189525.0,49.0,,noir,,,,
821,iPhone 6  Plus  16 Go HDD - Or,Apple,209000.0,101.0,,blanc,,,,
822,Galaxy S8 Dual SIM 64 Go HDD - Noir,Samsung,257027.0,9.0,,or,,,,
823,Galaxy S6 32 Go HDD - Blanc,Samsung,119619.0,99.0,,or,,,,
824,Galaxy S7 32 Go HDD - Or,Samsung,132050.0,99.0,,or,,,,
825,Galaxy A7 16 Go HDD - Or,Samsung,90250.0,99.0,,blanc,,,,
826,"Galaxy S7 - 32 Go HDD - 4 Go RAM - 5,1'' - Or",Samsung,132525.0,99.0,,blanc,,,,
827,Galaxy S7 32 Go HDD - Blanc,Samsung,147079.0,99.0,,blanc,,,,
828,"Galaxy S7 Edge - 32 Go HDD - 4 Go RAM - 5,5"" - Blanc",Samsung,159000.0,99.0,,blanc,,,,
829,Galaxy A7 16 Go HDD - Blanc,Samsung,85500.0,99.0,,blanc,,,,
830,Galaxy A5 16 Go HDD - Blanc,Samsung,90250.0,99.0,,blanc,,,,
831,Galaxy S6 Edge 32 Go HDD - Blanc,Samsung,141975.0,99.0,,noir,,,,
832,Galaxy C5 32 Go HDD - Blanc,Samsung,147250.0,99.0,,noir,,,,
833,iPhone 7 32Go HDD - Noir - 12 Mois,Apple,303000.0,99.0,,noir,,,,
834,iPhone 7 Plus 256Go HDD - Noir,Apple,485000.0,99.0,,noir,,,,
835,iPhone X 64Go HDD - Noir,Apple,586150.0,99.0,,noir,,,,
836,K5 Pro Dual SIM 128Go HDD - 6Go RAM - 16+5MP - Noir - 12 Mois,Lenovo,159000.0,99.0,,rouge,,,,
837,Galaxy Note 8 - 64 Go HDD - 6 Go RAM - Noir - 24 Mois + Pochette + Protège Ecran Offerts,Samsung,298000.0,99.0,,noir,,,,
838,Lenovo S5 Dual SIM 64Go HDD - 4Go RAM - 13+13MP - Rouge + Pochette  Offert - 12 Mois,Lenovo,99000.0,99.0,,noir,,,,
839,"Galaxy J4 Dual SIM 16Go HDD  2Go RAM - Ecran 5.5"" - Noir",Samsung,92000.0,99.0,,bleu,,,,
840,Galaxy J4 Core (2018) Dual SIM 16Go HDD / 1Go Ram - Ecran 6 pouces - Noir,Samsung,77700.0,99.0,,gris,,,,
841,P10 Lite Dual SIM 64Go HDD - Bleu- 12 Mois,Huawei,161000.0,99.0,,noir,,,,
842,WX3 Dual SIM 8 Go HDD - Gris  - 13 Mois,Tecno,45200.0,99.0,,bleu,,,,
843,A3 Dual SIM - 16Go HDD - Noir - 12 Mois,Alcatel,69900.0,99.0,,noir,,,,
844,Spark 3 Dual SIM - 16Go HDD - 1Go RAM - Bleu - 13 Mois,Tecno,75600.0,99.0,,or,,,,
845,Galaxy A10 Dual Sim - 32Go HDD - 2Go RAM - 13MP - Noir - 24 Mois de Garantie,Samsung,89250.0,99.0,,noir,,,,
846,"Pop 2 - Dual Sim - 5,5"" - 8Go HDD - 1Go RAM - Or",Tecno,56000.0,99.0,,noire,,,,
847,"Hot 6X - Dual SIM - 16Go HDD - 2Go RAM - 6,2"" - Noir",Infinix,83000.0,99.0,,violet,,,,
848,"Note 4 Pro - Dual SIM - 32Go HDD - 3Go RAM - 5,7"" - Noir - 12 Mois",Infinix,135000.0,99.0,,bleu,,,,
849,Galaxy Note 9 - 128Go HDD - 6Go RAM - Violet - 12 Mois de Garantie,Samsung,700000.0,99.0,,blanc,,,,
850,P20 Pro - 128 Go HDD - 6Go Ram - Bleu,Huawei,422000.0,99.0,,gris sidéral,,,,
851,"iPhone XS - 512 Go HDD - 4 Go RAM - 5,8'' - Blanc",Apple,896000.0,99.0,,bleu,,,,
852,iPhone XS Max 512Go HDD - 4Go RAM - Gris Sidéral,Apple,980000.0,99.0,,or,,,,
853,P10 Lite Dual SIM 32Go HDD - Bleu - 12 Mois + Edmark Shake Off Offert (20 Sachets),Huawei,169000.0,99.0,,or,,,,
854,Galaxy J1 Édition 2016 Dual SIM 8Go HDD - Or,Samsung,64700.0,99.0,,or,,,,
855,Y6 Prime 2018 Dual SIM 16Go HDD - Or - 12 Mois + Edmark Bubble C Offert (20 Sachets),Huawei,90000.0,99.0,,or,,,,
856,Galaxy J7 Max Dual SIM 32Go HDD - Or + Edmark Café Ginseng Offert - 12 Mois,Samsung,162000.0,99.0,,bleu,,,,
857,"Galaxy J7 Max - Dual SIM - 32Go HDD - 4Go RAM - 5,7"" - Or - 12 Mois + Café Edmark Ginseng",Samsung,167000.0,99.0,,noir,,,,
858,"Galaxy Note 9 - 128Go HDD - 6Go RAM - 6,4"" - Bleu - 24 Mois",Samsung,599000.0,99.0,,or,,,,
859,iPhone X 256Go HDD - Noir,Apple,646200.0,99.0,,or,,,,
860,iPhone 6S 64 Go HDD - Or + Pochette et Ecran de Protection,Apple,242250.0,,,bleu,,,,
861,Nova 2 Plus 64Go HDD - 4Go Ram - Or + Edmark Shake Off Offert (12 sachets),Huawei,190000.0,,,or,,,,
862,"Galaxy S6 Edge Plus  - 32Go HDD - 4Go RAM - 5,7"" - Bleu--pochette+glace",Samsung,165000.0,,,bleu,,,,
863,P33 Dual SIM 16Go HDD - 1Go RAM - Or,ITEL,53000.0,,,or,,,,
864,Galaxy J4 Dual SIM - 16Go HDD - 2Go RAM - 13MP - Bleu - 12 Mois + Pochette + Protège Ecran Offerts,Samsung,79900.0,,,bleu,,,,
865,Galaxy J4 Dual SIM - 16Go HDD - 2Go RAM - 13MP - Or - 12 Mois + Pochette + Protège Ecran Offerts,Samsung,79900.0,,,noir,,,,
866,P32 Dual SIM - 8Go HDD - 1 Go RAM - Bleu - 13 Mois,ITEL,55000.0,,,noir,,,,
867,"Galaxy S6 Edge Plus  - 32 Go HDD - 4 Go RAM - 5,7"" - Noir-pochette+glass",Samsung,160000.0,,,blanc,,,,
868,"Hot 7 Pro Dual Sim - 6,2"" - 32 Go HDD - 2 Go RAM - Noir",Infinix,89000.0,,,blanc,,,,
869,"iPhone 4S - 16Go HDD - 512Mo - 3,5"" - Blanc - 12 Mois + Pochette + Protège Ecran",Apple,46500.0,,,noir,,,,
870,Galaxy Note N7000 SIM Réconditionné - 16Go HDD - 1Go RAM - Blanc,Samsung,37500.0,,,noir,,,,
871,P13 Dual SIM 8Go HDD - 512 Mo RAM - Noir - 13 Mois,ITEL,45500.0,,,or,,,,
872,"Samsung Galaxy S8 Plus - 64 Go HDD - 4 Go RAM - 6,2'' - Noir - 12 Mois - Pochette",Samsung,243000.0,,,noir,,,,
873,Galaxy S8 Dual SIM 64 Go HDD - Or,Samsung,270000.0,,,noir,,,,
874,Galaxy S9 - 32Go HDD - 4Go RAM - Noir,Samsung,365000.0,,,bleu,,,,
875,"Galaxy S9 Plus - 64Go HDD - 6Go RAM - 6,2"" - Noir - 12 Mois",Samsung,390000.0,,,noir,,,,
876,"V5 Dual SIM - 8Go HDD - 1 Go RAM - 4"" - Bleu",X-tigi,27800.0,,,voilet,,,,
877,V10 Dual SIM 8 Go HDD - Noir - 13 Mois,X-tigi,32900.0,,,or,,,,
878,"Hot 7 Pro Dual Sim - 6,2"" - 32 Go HDD - 2 Go RAM - Voilet",Infinix,88200.0,,,noir,,,,
879,A1 Dual SIM 32Go HDD - Or,X-tigi,71450.0,,,blanc,,,,
880,Galaxy S7 Edge 64Go HDD - Noir -  12 Mois,Samsung,241500.0,,,blanc,,,,
881,"Galaxy S10 - 128Go HDD - 8Go RAM - 6,1"" - Blanc",Samsung,504000.0,,,noir,,,,
882,"Galaxy S10 Plus - 128Go HDD - 8Go RAM - 6,4"" - 24 Mois - Blanc",Samsung,556000.0,,,noir,,,,
883,A32F 8Go HDD -Noir,ITEL,47000.0,,,noir,,,,
884,"Tecno B1 - Dual SIM - 8Go HDD - 1 Go RAM - 5"" - Noir",Tecno,50000.0,,,bleu,,,,
885,S13 - 8Go HDD - 1GB RAM - Noir - 13 Mois,ITEL,53000.0,,,noir,,,,
886,P33 Dual SIM 16Go HDD - 1Go RAM - Bleu,ITEL,59000.0,,,rouge,,,,
887,"Hot 7 Dual SIM - 6,2"" - 16 Go HDD - 1 Go RAM - Noir",Infinix,72000.0,,,noir,,,,
888,Spark 2 Dual SIM  16 Go HDD + 1Go RAM - Rouge - 12 Mois,Tecno,75000.0,,,noir,,,,
889,Spark 2 Dual SIM 16 Go HDD + 2 Go RAM - Noir - 12 Mois,Tecno,76000.0,,,noir,,,,
890,"Hot S3X - Dual SIM - 32 Go HDD - 2Go RAM - 6"" - Noir",Infinix,111000.0,,,noir,,,,
891,Camon X Dual SIM - 32Go HDD - Noir - 12 Mois,Tecno,123000.0,,,noir,,,,
892,Galaxy M10 Dual SIM - 16Go HDD - 2Go RAM - 13+5MP - Noir,Samsung,130000.0,,,noir,,,,
893,Galaxy A10 Dual Sim - 32Go HDD - 2Go RAM - 13MP - Noir - 24 Mois,Samsung,130000.0,,,noir,,,,
894,Galaxy A30 Dual SIM 64Go HDD - 3Go RAM - Noir - 6 Mois,Samsung,180000.0,,,noir,,,,
895,Galaxy A50 Dual SIM - 128Go HDD - 4Go RAM - 25+8+5MP - Noir - 12 Mois,Samsung,239000.0,,,bleu,,,,
896,Galaxy M10 Dual SIM - 32Go HDD - 3Go RAM - 13+5MP - Noir - 12 Mois,Samsung,139000.0,,,bleu,,,,
897,Galaxy M20 Dual SIM - 64Go HDD - 4Go RAM - 13+5MP - Bleu - 12 Mois,Samsung,180000.0,,,rouge,,,,
898,Galaxy M30 Dual SIM - 64Go HDD - 4Go RAM - 13+5MP - Bleu - 12 Mois,Samsung,215000.0,,,noir,,,,
899,"Hot 6 - Dual SIM - 16Go HDD - 1Go RAM - 6"" - Rouge",Infinix,76400.0,,,bleu,,,,
900,Spark 3 Dual SIM - 16Go HDD - 1Go RAM - Noir - 12 Mois,Tecno,76500.0,,,noir,,,,
901,Galaxy M20 Dual SIM - 32Go HDD - 3Go RAM - 13+5MP - Bleu - 12 Mois,Samsung,142000.0,,,noir,,,,
902,Infinix Hot 6X Dual SIM 16Go HDD - 2Go - Noir,Infinix,72500.0,,,noir,,,,
903,"Galaxy J2 Prime - 8Go HDD - 1,5Go RAM - 5"" - Noir",Samsung,78000.0,,,noir,,,,
904,"Galaxy J4 Dual SIM 16Go HDD - 2Go RAM - 5,5"" - Noir",Samsung,90000.0,,,or,,,,
905,"Galaxy J6 (2018) - Dual SIM - 32Go HDD - 2Go RAM - 5,6"" - Noir",Samsung,135000.0,,,noir,,,,
906,Note 5 Stylus Dual SIM 64 Go HDD - Or,Infinix,143500.0,,,,,,,
907,Note 4 Pro Dual SIM 32Go HDD - Noir - 12 Mois,Infinix,130000.0,,,,,,,
